Market Center,Modal Price,Commodity,State
Achanta,1362.5,Paddy(Dhan),Andhra Pradesh
Addanki,4312.5,Bengal Grams(Gram),Andhra Pradesh
Addanki,4562.5,Black Grams (Urd Beans),Andhra Pradesh
Addanki,4687.5,Green Grams (Moong),Andhra Pradesh
Addanki,1725,Paddy(Dhan),Andhra Pradesh
Addanki,4125,Red Grams,Andhra Pradesh
Addanki,3087.5,Rice,Andhra Pradesh
Adoni,4812.5,Cotton,Andhra Pradesh
Adoni,3250,Sunflower Seed,Andhra Pradesh
Akiveedu,3875,Chilli Red,Andhra Pradesh
Akiveedu,1287.5,Paddy(Dhan),Andhra Pradesh
Akiveedu,1400,Paddy(Dhan),Andhra Pradesh
Alamuru,1350,Paddy(Dhan),Andhra Pradesh
Allagadda,4125,Bengal Grams(Gram),Andhra Pradesh
Allagadda,4125,Groundnut,Andhra Pradesh
Allagadda,1375,Paddy(Dhan),Andhra Pradesh
Allagadda,4125,Red Grams,Andhra Pradesh
Allagadda,3125,Rice,Andhra Pradesh
Alur,1037.5,Bajra(Pearl Millet),Andhra Pradesh
Alur,7125,Cotton,Andhra Pradesh
Alur,2437.5,Jowar(Sorgham),Andhra Pradesh
Alur,1111.25,Jowar(Sorgham),Andhra Pradesh
Alur,1075,Maize,Andhra Pradesh
Alur,1125,Maize,Andhra Pradesh
Alur,1875,Onion,Andhra Pradesh
Alur,312.5,Onion,Andhra Pradesh
Amadalavalasa,1375,Paddy(Dhan),Andhra Pradesh
Ambajipeta,3500,Chilli Red,Andhra Pradesh
Ambajipeta,4750,Copra,Andhra Pradesh
Ambajipeta,1387.5,Paddy(Dhan),Andhra Pradesh
Ambajipeta,1350,Paddy(Dhan),Andhra Pradesh
Anantapur,4187.5,Groundnut,Andhra Pradesh
Anaparthy,1350,Paddy(Dhan),Andhra Pradesh
Atmakur,1225,Jowar(Sorgham),Andhra Pradesh
Atmakur,1500,Maize,Andhra Pradesh
Atmakur,1397.5,Paddy(Dhan),Andhra Pradesh
Atmakur,2437.5,Rice,Andhra Pradesh
Atmakur,3500,Sunflower,Andhra Pradesh
Atmakur(SPS),1287.5,Paddy(Dhan),Andhra Pradesh
Attili,1362.5,Paddy(Dhan),Andhra Pradesh
Badvel,1537.5,Paddy(Dhan),Andhra Pradesh
Badvel,1412.5,Paddy(Dhan),Andhra Pradesh
Banaganapalli,3937.5,Bengal Grams(Gram),Andhra Pradesh
Banaganapalli,1562.5,Jowar(Sorgham),Andhra Pradesh
Banaganapalli,1375,Paddy(Dhan),Andhra Pradesh
Bapatla,4625,Black Grams (Urd Beans),Andhra Pradesh
Bapatla,1250,Paddy(Dhan),Andhra Pradesh
Bhimadole,1437.5,Maize,Andhra Pradesh
Bhimadole,1362.5,Maize,Andhra Pradesh
Bhimadole,1312.5,Paddy(Dhan),Andhra Pradesh
Bhimadole,1400,Paddy(Dhan),Andhra Pradesh
Bhimavaram,3500,Chilli Red,Andhra Pradesh
Bhimavaram,1225,Paddy(Dhan),Andhra Pradesh
Bhimavaram,1350,Paddy(Dhan),Andhra Pradesh
Bhimunipatnam,1312.5,Paddy(Dhan),Andhra Pradesh
Bobbili,1875,Jute,Andhra Pradesh
Bobbili,1350,Paddy(Dhan),Andhra Pradesh
Chilakaluripet,4000,Bengal Grams(Gram),Andhra Pradesh
Chilakaluripet,4750,Cotton,Andhra Pradesh
Chilakaluripet,4625,Cotton,Andhra Pradesh
Chilakaluripet,1500,Paddy(Dhan),Andhra Pradesh
Chilakaluripet,1437.5,Paddy(Dhan),Andhra Pradesh
Chintalapudi,1225,Maize,Andhra Pradesh
Chintalapudi,1350,Paddy(Dhan),Andhra Pradesh
Chintalapudi,1300,Paddy(Dhan),Andhra Pradesh
Chintapally,1075,Maize,Andhra Pradesh
Chintapally,3062.5,Niger Seed (Ramtil),Andhra Pradesh
Chipurupalli,2875,Groundnut,Andhra Pradesh
Chirala,8125,Cashewnuts,Andhra Pradesh
Chirala,7375,Cashewnuts,Andhra Pradesh
Chirala,1625,Paddy(Dhan),Andhra Pradesh
Chirala,1718.75,Paddy(Dhan),Andhra Pradesh
Chirala,2750,Rice,Andhra Pradesh
Chirala,3062.5,Rice,Andhra Pradesh
Chodavaram,1562.5,Paddy(Dhan),Andhra Pradesh
Chodavaram,10250,Turmeric,Andhra Pradesh
Chodavaram,9250,Turmeric,Andhra Pradesh
Cuddapah,4168.75,Groundnut pods (raw),Andhra Pradesh
Cuddapah,4656.25,Groundnut pods (raw),Andhra Pradesh
Cuddapah,3610,Sunflower Seed,Andhra Pradesh
Cumbum(AP),4187.5,Bengal Grams(Gram),Andhra Pradesh
Darsi,1312.5,Paddy(Dhan),Andhra Pradesh
Darsi,3812.5,Red Grams,Andhra Pradesh
Denduluru,1362.5,Paddy(Dhan),Andhra Pradesh
Dharmavaram,4125,Groundnut,Andhra Pradesh
Dharmavaram,1350,Paddy(Dhan),Andhra Pradesh
Duggirala,5406.25,Turmeric,Andhra Pradesh
Duggirala,5437.5,Turmeric,Andhra Pradesh
Gajapathinagaram,4062.5,Black Grams (Urd Beans),Andhra Pradesh
Gajapathinagaram,4500,Green Grams (Moong),Andhra Pradesh
Gajapathinagaram,1350,Paddy(Dhan),Andhra Pradesh
Gannavaram,1468.75,Paddy(Dhan),Andhra Pradesh
Gannavaram,2812.5,Rice,Andhra Pradesh
Giddalur,4187.5,Bengal Grams(Gram),Andhra Pradesh
Gooti,4312.5,Groundnut,Andhra Pradesh
Gooti,1437.5,Paddy(Dhan),Andhra Pradesh
Gopalavaram,1075,Maize,Andhra Pradesh
Gopalavaram,1100,Maize,Andhra Pradesh
Gopalavaram,1312.5,Paddy(Dhan),Andhra Pradesh
Gopalavaram,1350,Paddy(Dhan),Andhra Pradesh
Gudur,1406.25,Lime,Andhra Pradesh
Gudur,1287.5,Paddy(Dhan),Andhra Pradesh
Guntakal,4125,Bengal Grams(Gram),Andhra Pradesh
Guntakal,3875,Groundnut,Andhra Pradesh
Hindupur,8937.5,Tamarind fruit,Andhra Pradesh
Hindupur,6625,Tamarind fruit,Andhra Pradesh
Hindupur,3750,Tamarind fruit,Andhra Pradesh
Hiramandalam,1350,Paddy(Dhan),Andhra Pradesh
Ichapuram,1350,Paddy(Dhan),Andhra Pradesh
Ipur,1687.5,Paddy(Dhan),Andhra Pradesh
Jaggampet,1350,Paddy(Dhan),Andhra Pradesh
Jaggayyapeta,625,Bhindi(Ladies Finger),Andhra Pradesh
Jaggayyapeta,687.5,Brinjal,Andhra Pradesh
Jaggayyapeta,625,Cucumbar,Andhra Pradesh
Jaggayyapeta,625,Tomato,Andhra Pradesh
Jammalamadugu,4312.5,Bengal Grams(Gram),Andhra Pradesh
Jammalamadugu,1312.5,Paddy(Dhan),Andhra Pradesh
Kadiri,6812.5,Ground Nut Seed,Andhra Pradesh
Kadiri,3937.5,Sunflower Seed,Andhra Pradesh
Kadiri,3125,Tamarind Seed,Andhra Pradesh
Kaikaluru,1300,Paddy(Dhan),Andhra Pradesh
Kaikaluru,1287.5,Paddy(Dhan),Andhra Pradesh
Kaikaluru,1400,Paddy(Dhan),Andhra Pradesh
Kaikaluru,1362.5,Paddy(Dhan),Andhra Pradesh
Kakinada,1400,Paddy(Dhan),Andhra Pradesh
Kalikiri,500,Tomato,Andhra Pradesh
Kalyandurg,9375,Groundnut,Andhra Pradesh
Kalyandurg,1375,Paddy(Dhan),Andhra Pradesh
Kalyandurg,10625,Tamarind fruit,Andhra Pradesh
Kalyandurg,6875,Tamarind fruit,Andhra Pradesh
Kamalapuram,3875,Bengal Grams(Gram),Andhra Pradesh
Kamalapuram,4375,Cotton,Andhra Pradesh
Kanchili,275,Jack Fruit,Andhra Pradesh
Kanchili,1350,Paddy(Dhan),Andhra Pradesh
Kandukur,5625,Bengal Grams(Gram),Andhra Pradesh
Kandukur,1625,Paddy(Dhan),Andhra Pradesh
Kandukur,2875,Rice,Andhra Pradesh
Kanigiri,1087.5,Bajra(Pearl Millet),Andhra Pradesh
Kanigiri,1212.5,Bajra(Pearl Millet),Andhra Pradesh
Kanigiri,4187.5,Red Grams,Andhra Pradesh
Kavali,1400,Paddy(Dhan),Andhra Pradesh
Koduru,687.5,Banana - Green,Andhra Pradesh
Koduru,387.5,Papaya,Andhra Pradesh
Koilkunta,4125,Bengal Grams(Gram),Andhra Pradesh
Koilkunta,1437.5,Jowar(Sorgham),Andhra Pradesh
Koilkunta,1312.5,Paddy(Dhan),Andhra Pradesh
Kondapi,5562.5,Bengal Grams(Gram),Andhra Pradesh
Kondapi,1537.5,Paddy(Dhan),Andhra Pradesh
Kondapi,1625,Paddy(Dhan),Andhra Pradesh
Kondapi,2812.5,Rice,Andhra Pradesh
Kondapi,2875,Rice,Andhra Pradesh
Kothabommali,1350,Paddy(Dhan),Andhra Pradesh
Kothapeta,1300,Paddy(Dhan),Andhra Pradesh
Kothapeta,1362.5,Paddy(Dhan),Andhra Pradesh
Kothavalasa,4031.25,Groundnut,Andhra Pradesh
Kothavalasa,3156.25,Groundnut,Andhra Pradesh
Kothavalasa,1343.75,Paddy(Dhan),Andhra Pradesh
Kothavalasa,2343.75,Rice,Andhra Pradesh
Kothavalasa,2375,Rice,Andhra Pradesh
Kovvur,3625,Beans,Andhra Pradesh
Kovvur,2625,Beetroot,Andhra Pradesh
Kovvur,2125,Bhindi(Ladies Finger),Andhra Pradesh
Kovvur,4125,Bhindi(Ladies Finger),Andhra Pradesh
Kovvur,2125,Bitter gourd,Andhra Pradesh
Kovvur,2625,Bitter gourd,Andhra Pradesh
Kovvur,750,Bottle gourd,Andhra Pradesh
Kovvur,1125,Bottle gourd,Andhra Pradesh
Kovvur,1125,Brinjal,Andhra Pradesh
Kovvur,1750,Brinjal,Andhra Pradesh
Kovvur,1375,Cabbage,Andhra Pradesh
Kovvur,1375,Cabbage,Andhra Pradesh
Kovvur,2125,Carrot,Andhra Pradesh
Kovvur,875,Cauliflower,Andhra Pradesh
Kovvur,1250,Cauliflower,Andhra Pradesh
Kovvur,2125,Cluster beans,Andhra Pradesh
Kovvur,2125,Cucumbar,Andhra Pradesh
Kovvur,3125,Drumstick,Andhra Pradesh
Kovvur,2125,Green Chilly,Andhra Pradesh
Kovvur,2125,Green Chilly,Andhra Pradesh
Kovvur,2000,Onion,Andhra Pradesh
Kovvur,1125,Onion,Andhra Pradesh
Kovvur,1387.5,Paddy(Dhan),Andhra Pradesh
Kovvur,1250,Paddy(Dhan),Andhra Pradesh
Kovvur,1350,Paddy(Dhan),Andhra Pradesh
Kovvur,1125,Potato,Andhra Pradesh
Kovvur,1250,Potato,Andhra Pradesh
Kovvur,3062.5,Rice,Andhra Pradesh
Kovvur,2625,Ridgeguard(Tori),Andhra Pradesh
Kovvur,4375,Ridgeguard(Tori),Andhra Pradesh
Kovvur,1000,Snakeguard,Andhra Pradesh
Kovvur,1125,Tomato,Andhra Pradesh
Kovvur,2000,Tomato,Andhra Pradesh
Krosuru,4250,Cotton,Andhra Pradesh
Kuchinapudi,1381.25,Paddy(Dhan),Andhra Pradesh
Kuchinapudi,2375,Rice,Andhra Pradesh
Kuppam,1187.5,Tomato,Andhra Pradesh
Kurupam,1350,Paddy(Dhan),Andhra Pradesh
Lakkireddipally,3500,Groundnut pods (raw),Andhra Pradesh
Lakkireddipally,4375,Groundnut pods (raw),Andhra Pradesh
Macharla,4437.5,Cotton,Andhra Pradesh
Macharla,1687.5,Paddy(Dhan),Andhra Pradesh
Machilipatnam,1450,Paddy(Dhan),Andhra Pradesh
Machilipatnam,1387.5,Paddy(Dhan),Andhra Pradesh
Machilipatnam,1400,Paddy(Dhan),Andhra Pradesh
Madanapalli,1125,Tomato,Andhra Pradesh
Madanapalli,925,Tomato,Andhra Pradesh
Maddipadu,3000,Bengal Grams(Gram),Andhra Pradesh
Maddipadu,1387.5,Paddy(Dhan),Andhra Pradesh
Malleswaram,1312.5,Paddy(Dhan),Andhra Pradesh
Malleswaram,1250,Paddy(Dhan),Andhra Pradesh
Malleswaram,1287.5,Paddy(Dhan),Andhra Pradesh
Malleswaram,1287.5,Paddy(Dhan),Andhra Pradesh
Malleswaram,1387.5,Paddy(Dhan),Andhra Pradesh
Malleswaram,1350,Paddy(Dhan),Andhra Pradesh
Malleswaram,1387.5,Paddy(Dhan),Andhra Pradesh
Malleswaram,1387.5,Paddy(Dhan),Andhra Pradesh
Mangalagiri,1287.5,Maize,Andhra Pradesh
Mangalagiri,1462.5,Paddy(Dhan),Andhra Pradesh
Markapur,1237.5,Bajra(Pearl Millet),Andhra Pradesh
Markapur,1237.5,Jowar(Sorgham),Andhra Pradesh
Martur,4437.5,Bengal Grams(Gram),Andhra Pradesh
Martur,1662.5,Paddy(Dhan),Andhra Pradesh
Mulakalacheruvu,875,Tomato,Andhra Pradesh
Mummidivaram,3500,Chilli Red,Andhra Pradesh
Mydukur,1500,Paddy(Dhan),Andhra Pradesh
Mydukur,1437.5,Paddy(Dhan),Andhra Pradesh
Nagalapuram,1250,Paddy(Dhan),Andhra Pradesh
Nagaram,3750,Chilli Red,Andhra Pradesh
Nagaram,1350,Paddy(Dhan),Andhra Pradesh
Naidupet,1350,Paddy(Dhan),Andhra Pradesh
Nandigama,1400,Paddy(Dhan),Andhra Pradesh
Nandikotkur,4000,Bengal Grams(Gram),Andhra Pradesh
Nandikotkur,1350,Maize,Andhra Pradesh
Nandikotkur,1437.5,Paddy(Dhan),Andhra Pradesh
Nandikotkur,3750,Sunflower,Andhra Pradesh
Nandyal,4312.5,Bengal Grams(Gram),Andhra Pradesh
Nandyal,1500,Jowar(Sorgham),Andhra Pradesh
Nandyal,2250,Jowar(Sorgham),Andhra Pradesh
Nandyal,1500,Paddy(Dhan),Andhra Pradesh
Nandyal,1400,Paddy(Dhan),Andhra Pradesh
Nandyal,4275,Red Grams,Andhra Pradesh
Nandyal,4806.25,Sunflower,Andhra Pradesh
Narasannapet,1350,Paddy(Dhan),Andhra Pradesh
Narasaraopet,1375,Bajra(Pearl Millet),Andhra Pradesh
Narasaraopet,1500,Bajra(Pearl Millet),Andhra Pradesh
Narasaraopet,4500,Bengal Grams(Gram),Andhra Pradesh
Narasaraopet,6500,Black Grams (Urd Beans),Andhra Pradesh
Narasaraopet,5625,Black Grams (Urd Beans),Andhra Pradesh
Narasaraopet,2125,Jowar(Sorgham),Andhra Pradesh
Narasaraopet,2500,Jowar(Sorgham),Andhra Pradesh
Narasaraopet,1312.5,Paddy(Dhan),Andhra Pradesh
Narasaraopet,1500,Paddy(Dhan),Andhra Pradesh
Narasaraopet,2875,Rice,Andhra Pradesh
Narasaraopet,3250,Rice,Andhra Pradesh
Narsapuram,1312.5,Paddy(Dhan),Andhra Pradesh
Narsapuram,2875,Rice,Andhra Pradesh
Narsipatnam,5875,Cashewnuts,Andhra Pradesh
Narsipatnam,7500,Cashewnuts,Andhra Pradesh
Nellore,1350,Paddy(Dhan),Andhra Pradesh
Nuzvid,500,Bhindi(Ladies Finger),Andhra Pradesh
Nuzvid,375,Brinjal,Andhra Pradesh
Nuzvid,625,French Beans (Frasbean),Andhra Pradesh
Nuzvid,1187.5,Green Chilly,Andhra Pradesh
Nuzvid,437.5,Tomato,Andhra Pradesh
Ongole,4087.5,Bengal Grams(Gram),Andhra Pradesh
Ongole,4425,Black Grams (Urd Beans),Andhra Pradesh
Ongole,4400,Green Grams (Moong),Andhra Pradesh
Ongole,1687.5,Paddy(Dhan),Andhra Pradesh
Ongole,4200,Red Grams,Andhra Pradesh
Ongole,3187.5,Rice,Andhra Pradesh
"Paderu,RBZ",8750,Turmeric,Andhra Pradesh
Palakole,3125,Chilli Red,Andhra Pradesh
Palakole,1375,Paddy(Dhan),Andhra Pradesh
Palakole,2750,Rice,Andhra Pradesh
Palakonda,1350,Paddy(Dhan),Andhra Pradesh
Palamaner,662.5,Tomato,Andhra Pradesh
Pamarru,1275,Paddy(Dhan),Andhra Pradesh
Pamarru,1262.5,Paddy(Dhan),Andhra Pradesh
Pamarru,1225,Paddy(Dhan),Andhra Pradesh
Pamarru,1200,Paddy(Dhan),Andhra Pradesh
Parchur,4312.5,Bengal Grams(Gram),Andhra Pradesh
Parchur,1437.5,Maize,Andhra Pradesh
Parchur,1325,Paddy(Dhan),Andhra Pradesh
Parvathipuram,1350,Paddy(Dhan),Andhra Pradesh
Pathapatnam,1350,Paddy(Dhan),Andhra Pradesh
Pattikonda,5125,Bengal Grams(Gram),Andhra Pradesh
Pattikonda,940,Onion,Andhra Pradesh
Peddapuram,1250,Paddy(Dhan),Andhra Pradesh
Peddapuram,1350,Paddy(Dhan),Andhra Pradesh
Penamaluru,1375,Paddy(Dhan),Andhra Pradesh
Penugonda,1312.5,Paddy(Dhan),Andhra Pradesh
Penukonda,4000,Groundnut,Andhra Pradesh
Penukonda,3437.5,Sunflower,Andhra Pradesh
Pidugurala(Palnadu),1562.5,Paddy(Dhan),Andhra Pradesh
Pidugurala(Palnadu),3125,Rice,Andhra Pradesh
Piler,3875,Groundnut,Andhra Pradesh
Piler,375,Tomato,Andhra Pradesh
Pithapuram,1287.5,Paddy(Dhan),Andhra Pradesh
Podili,1212.5,Bajra(Pearl Millet),Andhra Pradesh
Podili,3937.5,Red Grams,Andhra Pradesh
Polavaram,1350,Paddy(Dhan),Andhra Pradesh
Ponduru,1275,Paddy(Dhan),Andhra Pradesh
Ponduru,1362.5,Paddy(Dhan),Andhra Pradesh
Ponnur,4875,Black Grams (Urd Beans),Andhra Pradesh
Ponnur,1437.5,Paddy(Dhan),Andhra Pradesh
Prattipadu,1325,Paddy(Dhan),Andhra Pradesh
Prattipadu,1300,Paddy(Dhan),Andhra Pradesh
Prattipadu,1400,Paddy(Dhan),Andhra Pradesh
Prattipadu,1312.5,Paddy(Dhan),Andhra Pradesh
Proddatur,4312.5,Bengal Grams(Gram),Andhra Pradesh
Proddatur,5562.5,Cotton,Andhra Pradesh
Proddatur,1375,Paddy(Dhan),Andhra Pradesh
Proddatur,4312.5,Sunflower Seed,Andhra Pradesh
Pulivendala,650,Banana,Andhra Pradesh
Pulivendala,3625,Groundnut,Andhra Pradesh
Pulivendala,1300,Orange,Andhra Pradesh
Pulivendala,3625,Sunflower,Andhra Pradesh
Pusapatirega,2875,Groundnut,Andhra Pradesh
Pusapatirega,1125,Maize,Andhra Pradesh
Pusapatirega,1312.5,Paddy(Dhan),Andhra Pradesh
Rajahmundry,6875,Cashewnuts,Andhra Pradesh
Rajahmundry,1350,Paddy(Dhan),Andhra Pradesh
Rajahmundry,1400,Paddy(Dhan),Andhra Pradesh
Rajam,1250,Paddy(Dhan),Andhra Pradesh
Rajam,1362.5,Paddy(Dhan),Andhra Pradesh
Rajampet,687.5,Banana - Green,Andhra Pradesh
Rajampet,4250,"Gingelly (Sesamum, Sesame, Til)",Andhra Pradesh
Rajampet,1500,Paddy(Dhan),Andhra Pradesh
Rajampet,400,Papaya,Andhra Pradesh
Ramachandrapuram,1250,Paddy(Dhan),Andhra Pradesh
Rapur,575,Lemon,Andhra Pradesh
Rapur,1287.5,Paddy(Dhan),Andhra Pradesh
Ravulapelem,3375,Chilli Red,Andhra Pradesh
Ravulapelem,1400,Paddy(Dhan),Andhra Pradesh
Ravulapelem,1362.5,Paddy(Dhan),Andhra Pradesh
Rayachoti,6500,Ground Nut Seed,Andhra Pradesh
Rayachoti,1500,Paddy(Dhan),Andhra Pradesh
Rayachoti,1250,Tomato,Andhra Pradesh
Rayadurg,4250,Groundnut,Andhra Pradesh
Rayadurg,8125,Tamarind fruit,Andhra Pradesh
Rayadurg,5625,Tamarind fruit,Andhra Pradesh
Rayadurg,10000,Tamarind fruit,Andhra Pradesh
Rayadurg,1875,Tamarind fruit,Andhra Pradesh
Razole,3750,Chilli Red,Andhra Pradesh
Razole,1275,Paddy(Dhan),Andhra Pradesh
Razole,1312.5,Paddy(Dhan),Andhra Pradesh
Repalli,1381.25,Paddy(Dhan),Andhra Pradesh
Repalli,2375,Rice,Andhra Pradesh
Saluru,1100,Maize,Andhra Pradesh
Saluru,1350,Paddy(Dhan),Andhra Pradesh
Saluru,3500,Tamarind fruit,Andhra Pradesh
Sampara,1350,Paddy(Dhan),Andhra Pradesh
Sattenapalli,4875,Cotton,Andhra Pradesh
Sattenapalli,1500,Paddy(Dhan),Andhra Pradesh
Siddavatam,1500,Paddy(Dhan),Andhra Pradesh
Siddavatam,750,Papaya,Andhra Pradesh
Sompeta,8125,Cashewnuts,Andhra Pradesh
Sompeta,1312.5,Paddy(Dhan),Andhra Pradesh
Srikakulam,1281.25,Paddy(Dhan),Andhra Pradesh
Srikakulam,1362.5,Paddy(Dhan),Andhra Pradesh
Srikalahasti,7437.5,Ground Nut Seed,Andhra Pradesh
Srikalahasti,6187.5,Groundnut (Split),Andhra Pradesh
Srikalahasti,1143.75,Paddy(Dhan),Andhra Pradesh
Srikalahasti,1687.5,Paddy(Dhan),Andhra Pradesh
Sullurpet,1350,Paddy(Dhan),Andhra Pradesh
Tadepalligudem,6750,Dry Chillies,Andhra Pradesh
Tadepalligudem,1687.5,Onion,Andhra Pradesh
Tadepalligudem,687.5,Onion,Andhra Pradesh
Tadepalligudem,1237.5,Paddy(Dhan),Andhra Pradesh
Tadepalligudem,1387.5,Paddy(Dhan),Andhra Pradesh
Tadepalligudem,1287.5,Paddy(Dhan),Andhra Pradesh
Tadepalligudem,1337.5,Paddy(Dhan),Andhra Pradesh
Tadepalligudem,1362.5,Paddy(Dhan),Andhra Pradesh
Tadepalligudem,3000,Rice,Andhra Pradesh
Tadepalligudem,3125,Rice,Andhra Pradesh
Tadikonda,4500,Cotton,Andhra Pradesh
Tadipatri,687.5,Banana - Green,Andhra Pradesh
Tadipatri,5500,Coriander,Andhra Pradesh
Tadipatri,4687.5,Cotton,Andhra Pradesh
Tadipatri,3625,Groundnut,Andhra Pradesh
Tadipatri,2312.5,Jowar(Sorgham),Andhra Pradesh
Tadipatri,2187.5,Jowar(Sorgham),Andhra Pradesh
Tadipatri,1125,Lime,Andhra Pradesh
Tadipatri,1312.5,Maize,Andhra Pradesh
Tadipatri,1937.5,Orange,Andhra Pradesh
Tanuku,1350,Paddy(Dhan),Andhra Pradesh
Tekkali,1362.5,Paddy(Dhan),Andhra Pradesh
Tellarevu,5000,Chilli Red,Andhra Pradesh
Tellarevu,1350,Paddy(Dhan),Andhra Pradesh
Tenakallu,4312.5,Ground Nut Seed,Andhra Pradesh
Tenakallu,7125,Ground Nut Seed,Andhra Pradesh
Tenakallu,3562.5,Groundnut,Andhra Pradesh
Tenakallu,3875,Groundnut,Andhra Pradesh
Tenakallu,3906.25,Sunflower,Andhra Pradesh
Tenakallu,3500,Sunflower,Andhra Pradesh
Tenali,6000,Black Grams (Urd Beans),Andhra Pradesh
Tenali,3875,Black Grams (Urd Beans),Andhra Pradesh
Tenali,1687.5,Lemon,Andhra Pradesh
Tenali,1312.5,Maize,Andhra Pradesh
Tenali,1375,Paddy(Dhan),Andhra Pradesh
Thottambedu,825,Paddy(Dhan),Andhra Pradesh
Tiruvuru,4125,Green Grams (Moong),Andhra Pradesh
Tiruvuru,3375,Green Grams (Moong),Andhra Pradesh
Tiruvuru,742.5,Maize,Andhra Pradesh
Tiruvuru,705,Maize,Andhra Pradesh
Tiruvuru,862.5,Paddy(Dhan),Andhra Pradesh
Tiruvuru,802.5,Paddy(Dhan),Andhra Pradesh
Tiruvuru,2610,Red Grams,Andhra Pradesh
Tiruvuru,1912.5,Rice,Andhra Pradesh
Tiruvuru,1987.5,Rice,Andhra Pradesh
Tuni,4575,Cashewnuts,Andhra Pradesh
Tuni,2250,"Gingelly (Sesamum, Sesame, Til)",Andhra Pradesh
Tuni,787.5,Paddy(Dhan),Andhra Pradesh
Udayagiri,832.5,Paddy(Dhan),Andhra Pradesh
Undi,2325,Chilli Red,Andhra Pradesh
Undi,840,Paddy(Dhan),Andhra Pradesh
Ungatur,750,Paddy(Dhan),Andhra Pradesh
Ungatur,810,Paddy(Dhan),Andhra Pradesh
Urvakonda,2550,Bengal Grams(Gram),Andhra Pradesh
Urvakonda,2025,Groundnut,Andhra Pradesh
Urvakonda,2325,Groundnut,Andhra Pradesh
Vakadu,810,Paddy(Dhan),Andhra Pradesh
Vayalapadu,375,Tomato,Andhra Pradesh
Venkatagiri,817.5,Paddy(Dhan),Andhra Pradesh
Vijayanagaram,1537.5,Jute,Andhra Pradesh
Vijayanagaram,862.5,Maize,Andhra Pradesh
Vijayanagaram,810,Paddy(Dhan),Andhra Pradesh
Vijayawada,300,Bhindi(Ladies Finger),Andhra Pradesh
Vijayawada,600,Bhindi(Ladies Finger),Andhra Pradesh
Vijayawada,375,Brinjal,Andhra Pradesh
Vijayawada,600,Brinjal,Andhra Pradesh
Vijayawada,300,Cabbage,Andhra Pradesh
Vijayawada,600,Cabbage,Andhra Pradesh
Vijayawada,600,Carrot,Andhra Pradesh
Vijayawada,1125,Carrot,Andhra Pradesh
Vijayawada,675,Cucumbar,Andhra Pradesh
Vijayawada,675,Green Chilly,Andhra Pradesh
Vijayawada,525,Green Chilly,Andhra Pradesh
Vijayawada,825,Potato,Andhra Pradesh
Vijayawada,600,Potato,Andhra Pradesh
Vijayawada,675,Ridgeguard(Tori),Andhra Pradesh
Vijayawada,750,Ridgeguard(Tori),Andhra Pradesh
Vijayawada,600,Tomato,Andhra Pradesh
Vijayawada,375,Tomato,Andhra Pradesh
Visakhapatnam,1875,Rice,Andhra Pradesh
Visakhapatnam,1462.5,Wheat,Andhra Pradesh
Vuyyur,2737.5,Black Grams (Urd Beans),Andhra Pradesh
Vuyyur,847.5,Paddy(Dhan),Andhra Pradesh
Vuyyur,817.5,Paddy(Dhan),Andhra Pradesh
Yellamanchili,4500,Cashewnuts,Andhra Pradesh
Yellamanchili,810,Paddy(Dhan),Andhra Pradesh
Yemmiganur,3450,Castor Seed,Andhra Pradesh
Yemmiganur,2625,Groundnut,Andhra Pradesh
Yemmiganur,2016.75,Sunflower,Andhra Pradesh
Canacona,5625,Arecanut(Betelnut/Supari),Goa
Canacona,6750,Arecanut(Betelnut/Supari),Goa
Canacona,6000,Arecanut(Betelnut/Supari),Goa
Canacona,8775,Arecanut(Betelnut/Supari),Goa
Canacona,11325,Arecanut(Betelnut/Supari),Goa
Canacona,9900,Arecanut(Betelnut/Supari),Goa
Canacona,5700,Cashewnuts,Goa
Mapusa,300,Banana,Goa
Mapusa,6000,Cashewnuts,Goa
Mapusa,1162.5,Grapes,Goa
Mapusa,487.5,Orange,Goa
Mapusa,412.5,Papaya,Goa
Mapusa,450,Pine Apple,Goa
Ponda,8550,Arecanut(Betelnut/Supari),Goa
Ponda,10725,Arecanut(Betelnut/Supari),Goa
Ponda,9600,Arecanut(Betelnut/Supari),Goa
Ponda,5700,Cashewnuts,Goa
Sanquelim,8812.5,Arecanut(Betelnut/Supari),Goa
Sanquelim,11362.5,Arecanut(Betelnut/Supari),Goa
Sanquelim,9862.5,Arecanut(Betelnut/Supari),Goa
Sanquelim,5700,Cashewnuts,Goa
Valpol,5625,Arecanut(Betelnut/Supari),Goa
Valpol,6750,Arecanut(Betelnut/Supari),Goa
Valpol,6000,Arecanut(Betelnut/Supari),Goa
Annigeri,564.75,Maize,Karnataka
Arasikere,1125,Onion,Karnataka
Arasikere,562.5,Ragi (Finger Millet),Karnataka
Arasikere,2250,Tamarind Fruit,Karnataka
Athani,712.5,Maize,Karnataka
Aurad,1650,Avare Dal,Karnataka
Aurad,622.5,Jowar(Sorgham),Karnataka
Badami,637.5,Bajra(Pearl Millet),Karnataka
Badami,712.5,Jowar(Sorgham),Karnataka
Bagalakot,615.75,Bajra(Pearl Millet),Karnataka
Bagalakot,2558.25,Green Grams (Moong),Karnataka
Bagalakot,1539.75,Groundnut,Karnataka
Bagalakot,1575.75,Linseed,Karnataka
Bagalakot,735.75,Maize,Karnataka
Bagalakot,2236.5,Sunflower,Karnataka
Bangalore,3375,Avare Dal,Karnataka
Bangalore,1950,Avare Dal,Karnataka
Bangalore,5100,Black Grams (Urd Beans),Karnataka
Bangalore,2925,Chennangidal,Karnataka
Bangalore,1237.5,Green ginger,Karnataka
Bangalore,3975,Green Grams (Moong),Karnataka
Bangalore,2100,Green Peas,Karnataka
Bangalore,4350,Ground Nut Seed,Karnataka
Bangalore,2550,Groundnut,Karnataka
Bangalore,1087.5,Jowar(Sorgham),Karnataka
Bangalore,682.5,Maize,Karnataka
Bangalore,2025,Mustard,Karnataka
Bangalore,937.5,Navane,Karnataka
Bangalore,806.25,Onion,Karnataka
Bangalore,945,Onion,Karnataka
Bangalore,562.5,Onion,Karnataka
Bangalore,787.5,Potato,Karnataka
Bangalore,525,Potato,Karnataka
Bangalore,870,Potato,Karnataka
Bangalore,806.25,Ragi (Finger Millet),Karnataka
Bangalore,881.25,Ragi (Finger Millet),Karnataka
Bangalore,2025,Rice,Karnataka
Bangalore,1800,Rice,Karnataka
Bangalore,1350,Rice,Karnataka
Bangalore,3900,Tamarind Fruit,Karnataka
Bangalore,1500,Wheat,Karnataka
Bangarpet,1425,Avare Dal,Karnataka
Bangarpet,225,Cabbage,Karnataka
Bangarpet,945,Paddy(Dhan),Karnataka
Bangarpet,795,Paddy(Dhan),Karnataka
Bangarpet,532.5,Potato,Karnataka
Bangarpet,652.5,Potato,Karnataka
Bangarpet,1215,Rice,Karnataka
Bangarpet,885,Rice,Karnataka
Bangarpet,922.5,Rice,Karnataka
Bangarpet,1410,Rice,Karnataka
Bantwala,6000,Arecanut(Betelnut/Supari),Karnataka
Bantwala,3000,Arecanut(Betelnut/Supari),Karnataka
Bantwala,3450,Copra,Karnataka
Bantwala,825,Paddy(Dhan),Karnataka
Bantwala,915,Paddy(Dhan),Karnataka
Bantwala,1485,Rice,Karnataka
Bantwala,1575,Rice,Karnataka
Basava Kalayana,675,Bajra(Pearl Millet),Karnataka
Basava Kalayana,2250,Black Grams (Urd Beans),Karnataka
Basava Kalayana,2625,Green Grams (Moong),Karnataka
Basava Kalayana,3075,Groundnut,Karnataka
Basava Kalayana,1800,Jowar(Sorgham),Karnataka
Basava Kalayana,675,Jowar(Sorgham),Karnataka
Basava Kalayana,1500,Soyabean,Karnataka
Basava Kalayana,2250,Sunflower,Karnataka
Basava Kalayana,975,Wheat,Karnataka
Bellary,690,Bajra(Pearl Millet),Karnataka
Bellary,2062.5,Groundnut,Karnataka
Bellary,1125,Jowar(Sorgham),Karnataka
Bellary,748.5,Maize,Karnataka
Bellary,892.5,Navane,Karnataka
Bellary,1594.5,Safflower,Karnataka
Belur,750,Green Ginger,Karnataka
Belur,750,Green ginger,Karnataka
Belur,750,Maize,Karnataka
Belur,750,Paddy(Dhan),Karnataka
Bhadravathi,772.5,Maize,Karnataka
Bhadravathi,750,Onion,Karnataka
Bidar,1991.25,Jowar(Sorgham),Karnataka
Bidar,2066.25,Rice,Karnataka
Bidar,1061.25,Rice,Karnataka
Bidar,1312.5,Wheat,Karnataka
Bijapur,4710,Cotton,Karnataka
Bijapur,450,Onion,Karnataka
"Binny Mill (F&V), Bangalore",4125,Apple,Karnataka
"Binny Mill (F&V), Bangalore",412.5,Banana,Karnataka
"Binny Mill (F&V), Bangalore",1200,Banana,Karnataka
"Binny Mill (F&V), Bangalore",600,Banana,Karnataka
"Binny Mill (F&V), Bangalore",2025,Banana,Karnataka
"Binny Mill (F&V), Bangalore",525,Banana - Green,Karnataka
"Binny Mill (F&V), Bangalore",900,Beans,Karnataka
"Binny Mill (F&V), Bangalore",825,Beetroot,Karnataka
"Binny Mill (F&V), Bangalore",900,Ber (Zizyphus),Karnataka
"Binny Mill (F&V), Bangalore",975,Bhindi(Ladies Finger),Karnataka
"Binny Mill (F&V), Bangalore",975,Bitter gourd,Karnataka
"Binny Mill (F&V), Bangalore",412.5,Bottle gourd,Karnataka
"Binny Mill (F&V), Bangalore",750,Brinjal,Karnataka
"Binny Mill (F&V), Bangalore",262.5,Cabbage,Karnataka
"Binny Mill (F&V), Bangalore",1200,Capsicum,Karnataka
"Binny Mill (F&V), Bangalore",1125,Carrot,Karnataka
"Binny Mill (F&V), Bangalore",675,Cauliflower,Karnataka
"Binny Mill (F&V), Bangalore",975,Chapparad Avare,Karnataka
"Binny Mill (F&V), Bangalore",1125,Cowpea(Veg),Karnataka
"Binny Mill (F&V), Bangalore",450,Cucumbar,Karnataka
"Binny Mill (F&V), Bangalore",1500,Grapes,Karnataka
"Binny Mill (F&V), Bangalore",900,Grapes,Karnataka
"Binny Mill (F&V), Bangalore",1050,Green Chilly,Karnataka
"Binny Mill (F&V), Bangalore",1350,Green ginger,Karnataka
"Binny Mill (F&V), Bangalore",600,Karbuja,Karnataka
"Binny Mill (F&V), Bangalore",450,Knool Khol,Karnataka
"Binny Mill (F&V), Bangalore",1200,Mousambi,Karnataka
"Binny Mill (F&V), Bangalore",1350,Orange,Karnataka
"Binny Mill (F&V), Bangalore",1350,Orange,Karnataka
"Binny Mill (F&V), Bangalore",375,Papaya,Karnataka
"Binny Mill (F&V), Bangalore",1425,Peas Wet,Karnataka
"Binny Mill (F&V), Bangalore",900,Pine Apple,Karnataka
"Binny Mill (F&V), Bangalore",3000,Plum,Karnataka
"Binny Mill (F&V), Bangalore",412.5,Raddish,Karnataka
"Binny Mill (F&V), Bangalore",1125,Ridgeguard(Tori),Karnataka
"Binny Mill (F&V), Bangalore",487.5,Seemebadnekai,Karnataka
"Binny Mill (F&V), Bangalore",975,Snakeguard,Karnataka
"Binny Mill (F&V), Bangalore",375,Sweet Pumpkin,Karnataka
"Binny Mill (F&V), Bangalore",825,Thondekai,Karnataka
"Binny Mill (F&V), Bangalore",337.5,Tomato,Karnataka
"Binny Mill (F&V), Bangalore",450,Water Melon,Karnataka
Chamaraj Nagar,300,Beetroot,Karnataka
Chamaraj Nagar,300,Brinjal,Karnataka
Chamaraj Nagar,450,Green Chilly,Karnataka
Chamaraj Nagar,225,Raddish,Karnataka
Chamaraj Nagar,1781.25,Rice,Karnataka
Chamaraj Nagar,3000,Tender Coconut,Karnataka
Chamaraj Nagar,187.5,Tomato,Karnataka
Channagiri,660,Maize,Karnataka
Channapatana,1762.5,Banana,Karnataka
Channapatana,1425,Banana,Karnataka
Channapatana,1575,Beans,Karnataka
Channapatana,3750,Betal Leaves,Karnataka
Channapatana,2325,Betal Leaves,Karnataka
Channapatana,637.5,Brinjal,Karnataka
Channapatana,562.5,Brinjal,Karnataka
Channapatana,3937.5,Chilli Red,Karnataka
Channapatana,225,Cucumber,Karnataka
Channapatana,1875,"Gingelly (Sesamum, Sesame, Til)",Karnataka
Channapatana,937.5,Green Chilly,Karnataka
Channapatana,375,Knool Khol,Karnataka
Channapatana,675,Knool khol,Karnataka
Channapatana,753.75,Maize,Karnataka
Channapatana,750,Paddy(Dhan),Karnataka
Channapatana,487.5,Papaya,Karnataka
Channapatana,375,Raddish,Karnataka
Channapatana,675,Raddish,Karnataka
Channapatana,937.5,Ridgeguard(Tori),Karnataka
Channapatana,1200,Ridgeguard(Tori),Karnataka
Channapatana,206.25,Tomato,Karnataka
Channapatana,450,Tomato,Karnataka
Channarayapatna,1056.75,Banana - Green,Karnataka
Channarayapatna,2343.75,Copra,Karnataka
Channarayapatna,892.5,Maize,Karnataka
Channarayapatna,781.5,Maize,Karnataka
Channarayapatna,615,Ragi (Finger Millet),Karnataka
Channarayapatna,639.75,Ragi (Finger Millet),Karnataka
Channarayapatna,2250,Tender Coconut,Karnataka
Channarayapatna,2250,Tender Coconut,Karnataka
Chickkaballapura,187.5,Beetroot,Karnataka
Chickkaballapura,300,Beetroot,Karnataka
Chickkaballapura,975,Bhindi(Ladies Finger),Karnataka
Chickkaballapura,562.5,Bitter gourd,Karnataka
Chickkaballapura,412.5,Bitter gourd,Karnataka
Chickkaballapura,187.5,Bottle gourd,Karnataka
Chickkaballapura,375,Brinjal,Karnataka
Chickkaballapura,412.5,Brinjal,Karnataka
Chickkaballapura,300,Cabbage,Karnataka
Chickkaballapura,150,Cabbage,Karnataka
Chickkaballapura,750,Capsicum,Karnataka
Chickkaballapura,675,Carrot,Karnataka
Chickkaballapura,675,Carrot,Karnataka
Chickkaballapura,375,Cauliflower,Karnataka
Chickkaballapura,300,Cauliflower,Karnataka
Chickkaballapura,675,Chilly Capsicum,Karnataka
Chickkaballapura,675,Chilly Capsicum,Karnataka
Chickkaballapura,375,Cucumbar,Karnataka
Chickkaballapura,225,Cucumber,Karnataka
Chickkaballapura,900,Green Chilly,Karnataka
Chickkaballapura,1050,Green Chilly,Karnataka
Chickkaballapura,187.5,Knool Khol,Karnataka
Chickkaballapura,1500,Marygold(Calcutta),Karnataka
Chickkaballapura,600,Potato,Karnataka
Chickkaballapura,375,Potato,Karnataka
Chickkaballapura,112.5,Raddish,Karnataka
Chickkaballapura,262.5,Raddish,Karnataka
Chickkaballapura,825,Ridgeguard(Tori),Karnataka
Chickkaballapura,600,Ridgeguard(Tori),Karnataka
Chickkaballapura,4125,Rose(Loose),Karnataka
Chickkaballapura,240,Seemebadnekai,Karnataka
Chickkaballapura,300,Seemebadnekai,Karnataka
Chickkaballapura,675,Tomato,Karnataka
Chickkaballapura,225,Tomato,Karnataka
Chikkamagalore,975,Beans,Karnataka
Chikkamagalore,375,Beetroot,Karnataka
Chikkamagalore,600,Brinjal,Karnataka
Chikkamagalore,225,Cabbage,Karnataka
Chikkamagalore,900,Carrot,Karnataka
Chikkamagalore,525,Cucumbar,Karnataka
Chikkamagalore,1050,Green Chilly,Karnataka
Chikkamagalore,1033.5,Green ginger,Karnataka
Chikkamagalore,375,Knool Khol,Karnataka
Chikkamagalore,937.5,Paddy(Dhan),Karnataka
Chikkamagalore,750,Potato,Karnataka
Chikkamagalore,375,Raddish,Karnataka
Chikkamagalore,750,Ridgeguard(Tori),Karnataka
Chikkamagalore,150,Tomato,Karnataka
Chikkamagalore,1518,Wood,Karnataka
Chintamani,2306.25,Avare Dal,Karnataka
Chintamani,150,Cabbage,Karnataka
Chintamani,825,Carrot,Karnataka
Chintamani,3000,Chilli Red,Karnataka
Chintamani,1050,Horses Gram,Karnataka
Chintamani,712.5,Paddy(Dhan),Karnataka
Chintamani,761.25,Paddy(Dhan),Karnataka
Chintamani,300,Raddish,Karnataka
Chintamani,693.75,Ragi (Finger Millet),Karnataka
Chintamani,693.75,Ragi (Finger Millet),Karnataka
Chintamani,1012.5,Rice,Karnataka
Chintamani,965.25,Rice,Karnataka
Chintamani,1023.75,Rice,Karnataka
Chintamani,1800,Rice,Karnataka
Chintamani,986.25,Rice,Karnataka
Chintamani,2085,Rice,Karnataka
Chintamani,187.5,Sweet Pumpkin,Karnataka
Chintamani,150,Tomato,Karnataka
Chintamani,375,Tomato,Karnataka
Chitradurga,1875,Avare Dal,Karnataka
Chitradurga,2475,Groundnut,Karnataka
Chitradurga,712.5,Maize,Karnataka
Chitradurga,2250,Sunflower,Karnataka
Davangere,4094.25,Cotton,Karnataka
Davangere,5467.5,Cotton,Karnataka
Davangere,1050,Green Chilly,Karnataka
Davangere,690,Maize,Karnataka
Davangere,750,Onion,Karnataka
Davangere,750,Paddy(Dhan),Karnataka
Davangere,787.5,Paddy(Dhan),Karnataka
Davangere,705,Paddy(Dhan),Karnataka
Davangere,675,Ragi (Finger Millet),Karnataka
Davangere,2319.75,Sunflower,Karnataka
Davangere,112.5,Tomato,Karnataka
Dharwar,4889.25,Cotton,Karnataka
Dharwar,5541.75,Cotton,Karnataka
Gadag,2676.75,Coriander,Karnataka
Gadag,5040.75,Cotton,Karnataka
Gadag,3721.5,Green Grams (Moong),Karnataka
Gadag,1507.5,Groundnut,Karnataka
Gadag,1290,Jowar(Sorgham),Karnataka
Gadag,630,Maize,Karnataka
Gadag,2092.5,Sunflower,Karnataka
Gadag,964.5,Wheat,Karnataka
Gangavathi,682.5,Maize,Karnataka
Gonikappal,495,Banana - Green,Karnataka
Gonikappal,600,Green ginger,Karnataka
Gonikappal,540,Jowar(Sorgham),Karnataka
Gubbi,1875,Banana - Green,Karnataka
Gubbi,5062.5,Chilli Red,Karnataka
Gubbi,1950,Groundnut,Karnataka
Gubbi,675,Maize,Karnataka
Gubbi,675,Ragi (Finger Millet),Karnataka
Gulbarga,637.5,Bajra(Pearl Millet),Karnataka
Gulbarga,1800,Black Grams (Urd Beans),Karnataka
Gulbarga,2550,Green Grams (Moong),Karnataka
Gulbarga,1800,Jowar(Sorgham),Karnataka
Gulbarga,1725,Rice,Karnataka
Gulbarga,1012.5,Rice,Karnataka
Gulbarga,1556.25,Safflower,Karnataka
Gulbarga,2850,"Sesamum(Sesame,Gingelly,Til)",Karnataka
Gulbarga,2175,Sunflower,Karnataka
Gulbarga,1500,Wheat,Karnataka
Gundlupet,500.25,Beetroot,Karnataka
Gundlupet,562.5,Cabbage,Karnataka
Gundlupet,3000,Chilli Red,Karnataka
Gundlupet,2107.5,Cotton,Karnataka
Gundlupet,817.5,Maize,Karnataka
Gundlupet,624.75,Onion,Karnataka
Gundlupet,600,Onion,Karnataka
Gundlupet,450,Tamarind Fruit,Karnataka
Gundlupet,262.5,Tomato,Karnataka
H.B. Halli,2400,Groundnut,Karnataka
H.B. Halli,787.5,Paddy(Dhan),Karnataka
H.B. Halli,2250,Sunflower,Karnataka
H.B. Halli,600,Tamarind Seed,Karnataka
Haliyala,900,Paddy(Dhan),Karnataka
Hanagal,735,Maize,Karnataka
Hanagal,675,Paddy(Dhan),Karnataka
Harappana Halli,585,Jowar(Sorgham),Karnataka
Harappana Halli,742.5,Maize,Karnataka
Harihara,660,Maize,Karnataka
Harihara,761.25,Paddy(Dhan),Karnataka
Harihara,834.75,Paddy(Dhan),Karnataka
Hassan,1612.5,Beans,Karnataka
Hassan,982.5,Beetroot,Karnataka
Hassan,1680,Ber (Zizyphus),Karnataka
Hassan,750,Bhindi(Ladies Finger),Karnataka
Hassan,692.25,Bottle gourd,Karnataka
Hassan,675,Brinjal,Karnataka
Hassan,750,Cabbage,Karnataka
Hassan,1050,Green Chilly,Karnataka
Hassan,600,Green ginger,Karnataka
Hassan,787.5,Maize,Karnataka
Hassan,950.25,Onion,Karnataka
Hassan,750,Paddy(Dhan),Karnataka
Hassan,750,Potato,Karnataka
Hassan,825,Raddish,Karnataka
Hassan,825,Ridgeguard(Tori),Karnataka
Hassan,514.5,Seemebadnekai,Karnataka
Hassan,415.5,Tomato,Karnataka
Hassan,676.5,Water Melon,Karnataka
Haveri,4776.75,Cotton,Karnataka
Haveri,701.25,Maize,Karnataka
Hirekerur,3825,Cotton,Karnataka
Holenarsipura,375,Green Ginger,Karnataka
Holenarsipura,712.5,Green ginger,Karnataka
Holenarsipura,780,Maize,Karnataka
Holenarsipura,750,Paddy(Dhan),Karnataka
Holenarsipura,712.5,Paddy(Dhan),Karnataka
Holenarsipura,600,Ragi (Finger Millet),Karnataka
Holenarsipura,600,Rice,Karnataka
Holenarsipura,750,Rice,Karnataka
Holenarsipura,975,Rice,Karnataka
Honnali,742.5,Maize,Karnataka
Honnali,765,Paddy(Dhan),Karnataka
Honnavar,2850,Arecanut(Betelnut/Supari),Karnataka
Honnavar,3600,Arecanut(Betelnut/Supari),Karnataka
Honnavar,5550,Arecanut(Betelnut/Supari),Karnataka
Hoovinahadagali,660,Maize,Karnataka
Hoovinahadagali,840,Paddy(Dhan),Karnataka
Hosadurga,1455,Same/Savi,Karnataka
Hospet,600,Jowar(Sorgham),Karnataka
Hospet,825,Onion,Karnataka
Hospet,675,Potato,Karnataka
Hospet,787.5,Rice,Karnataka
Hospet,1500,Rice,Karnataka
Hospet,3096.75,Tamarind Fruit,Karnataka
Hospet,1223.25,Wheat,Karnataka
Hubli (Amaragol),4799.25,Cotton,Karnataka
Hubli (Amaragol),3351.75,Green Grams (Moong),Karnataka
Hubli (Amaragol),1679.25,Groundnut,Karnataka
Hubli (Amaragol),2466.75,Groundnut,Karnataka
Hubli (Amaragol),683.25,Maize,Karnataka
Hubli (Amaragol),637.5,Onion,Karnataka
Hubli (Amaragol),750,Onion,Karnataka
Hubli (Amaragol),750,Onion,Karnataka
Hubli (Amaragol),525,Potato,Karnataka
Hubli (Amaragol),412.5,Potato,Karnataka
Hubli (Amaragol),585,Potato,Karnataka
Hubli (Amaragol),1602,Soyabean,Karnataka
Hubli (Amaragol),2033.25,Sunflower,Karnataka
Hunsur,717.75,Green ginger,Karnataka
Hunsur,400.5,Green Ginger,Karnataka
Hunsur,1012.5,Maize,Karnataka
Hunsur,637.5,Ragi (Finger Millet),Karnataka
Hunsur,3330,Tender Coconut,Karnataka
Hunsur,3326.25,Tender Coconut,Karnataka
Jagalur,765,Maize,Karnataka
Jamakhandi,660,Maize,Karnataka
K.R. Pet,166.5,Cucumbar,Karnataka
K.R. Pet,137.25,Sweet Potato,Karnataka
K.R. Pet,166.5,Sweet Potato,Karnataka
K.R. Pet,3000,Tender Coconut,Karnataka
K.R.Nagar,836.25,Green ginger,Karnataka
K.R.Nagar,750,Paddy(Dhan),Karnataka
K.R.Nagar,975,Ragi (Finger Millet),Karnataka
K.R.Nagar,1041.75,Rice,Karnataka
K.R.Nagar,3300,Tender Coconut,Karnataka
K.R.Nagar,375,Tomato,Karnataka
Kadur,738.75,Maize,Karnataka
Kadur,802.5,Ragi (Finger Millet),Karnataka
Kadur,802.5,Ragi (Finger Millet),Karnataka
Kadur,255,Tomato,Karnataka
Kanakapura,1125,Carrot,Karnataka
Kanakapura,393.75,Green Ginger,Karnataka
Karkala,4650,Arecanut(Betelnut/Supari),Karnataka
Karkala,6000,Arecanut(Betelnut/Supari),Karnataka
Karkala,4125,Cashewnuts,Karnataka
Karkala,4350,Copra,Karnataka
Karkala,3075,Copra,Karnataka
Karkala,787.5,Paddy(Dhan),Karnataka
Karkala,1575,Rice,Karnataka
Karwar,750,Paddy(Dhan),Karnataka
Kolar,1350,Beans,Karnataka
Kolar,450,Beetroot,Karnataka
Kolar,450,Beetroot,Karnataka
Kolar,1425,Bhindi(Ladies Finger),Karnataka
Kolar,1800,Bhindi(Ladies Finger),Karnataka
Kolar,585,Brinjal,Karnataka
Kolar,1200,Brinjal,Karnataka
Kolar,262.5,Cabbage,Karnataka
Kolar,525,Cabbage,Karnataka
Kolar,825,Carrot,Karnataka
Kolar,525,Carrot,Karnataka
Kolar,630,Cauliflower,Karnataka
Kolar,900,Cauliflower,Karnataka
Kolar,1500,Chilly Capsicum,Karnataka
Kolar,750,Green Chilly,Karnataka
Kolar,975,Green Chilly,Karnataka
Kolar,1125,Onion,Karnataka
Kolar,600,Onion,Karnataka
Kolar,525,Potato,Karnataka
Kolar,675,Potato,Karnataka
Kolar,585,Raddish,Karnataka
Kolar,525,Raddish,Karnataka
Kolar,210,Tomato,Karnataka
Kolar,600,Tomato,Karnataka
Kollegal,690,Maize,Karnataka
Kollegal,862.5,Paddy(Dhan),Karnataka
Koppa,9375,Arecanut(Betelnut/Supari),Karnataka
Koppa,4875,Arecanut(Betelnut/Supari),Karnataka
Koppa,9000,Arecanut(Betelnut/Supari),Karnataka
Koppa,12187.5,Arecanut(Betelnut/Supari),Karnataka
Koppa,995.25,Banana - Green,Karnataka
Koppa,1500,Rice,Karnataka
Koppal,647.25,Bajra(Pearl Millet),Karnataka
Koppal,2400.75,Black Grams (Urd Beans),Karnataka
Koppal,2707.5,Castor Seed,Karnataka
Koppal,2649.75,Green Grams (Moong),Karnataka
Koppal,596.25,Jowar(Sorgham),Karnataka
Koppal,1500.75,Linseed,Karnataka
Koppal,708.75,Maize,Karnataka
Koppal,922.5,Navane,Karnataka
Koppal,1635,"Sesamum(Sesame,Gingelly,Til)",Karnataka
Koppal,2190,Sunflower,Karnataka
Kottur,1060.02,Bajra(Pearl Millet),Karnataka
Kottur,7413.12,Cotton,Karnataka
Kottur,8501.22,Cotton,Karnataka
Kottur,1146.6,Maize,Karnataka
Kottur,900.9,Ragi (Finger Millet),Karnataka
Kudchi,1088.1,Maize,Karnataka
Kumta,6046.56,Arecanut(Betelnut/Supari),Karnataka
Kumta,6402.24,Arecanut(Betelnut/Supari),Karnataka
Kumta,7165.08,Arecanut(Betelnut/Supari),Karnataka
Kumta,8552.7,Arecanut(Betelnut/Supari),Karnataka
Kundapura,9126,Arecanut(Betelnut/Supari),Karnataka
Kustagi,1006.2,Bajra(Pearl Millet),Karnataka
Kustagi,4212,Groundnut,Karnataka
Kustagi,902.07,Jowar(Sorgham),Karnataka
Kustagi,2939.04,Linseed,Karnataka
Kustagi,1118.52,Maize,Karnataka
Kustagi,1380.6,Navane,Karnataka
Kustagi,2457,Safflower,Karnataka
Kustagi,3511.17,Sunflower,Karnataka
Laxmeshwar,6387.03,Cotton,Karnataka
Laxmeshwar,3789.63,Green Grams (Moong),Karnataka
Laxmeshwar,2736.63,Groundnut,Karnataka
Laxmeshwar,1095.12,Jowar(Sorgham),Karnataka
Laxmeshwar,1095.12,Maize,Karnataka
Laxmeshwar,2599.74,Safflower,Karnataka
Laxmeshwar,3356.73,Sunflower,Karnataka
Maddur,1170,Paddy(Dhan),Karnataka
Maddur,819,Rice,Karnataka
Maddur,5148,Tender Coconut,Karnataka
Maddur,5031,Tender Coconut,Karnataka
Madhugiri,3042,Groundnut,Karnataka
Madikeri,870.48,Green ginger,Karnataka
Malur,351,Cabbage,Karnataka
Malur,1404,Potato,Karnataka
Malur,2457,Rice,Karnataka
Malur,105.3,Wood,Karnataka
Mangalore,7839,Arecanut(Betelnut/Supari),Karnataka
Mangalore,9114.3,Arecanut(Betelnut/Supari),Karnataka
Mangalore,1673.1,Banana,Karnataka
Mangalore,1755,Banana,Karnataka
Mangalore,830.7,Banana,Karnataka
Mangalore,877.5,Banana,Karnataka
Mangalore,6552,Copra,Karnataka
Mangalore,1357.2,Paddy(Dhan),Karnataka
Mangalore,1263.6,Paddy(Dhan),Karnataka
Mangalore,1357.2,Paddy(Dhan),Karnataka
Mangalore,2398.5,Rice,Karnataka
Mangalore,1989,Rice,Karnataka
Mangalore,2223,Rice,Karnataka
Moodigere,1287,Paddy(Dhan),Karnataka
Moodigere,4680,Tender Coconut,Karnataka
Moodigere,444.6,Tomato,Karnataka
Moodigere,407.16,Wood,Karnataka
Mulabagilu,585,Cabbage,Karnataka
Mulabagilu,1012.05,Tomato,Karnataka
Mulabagilu,389.61,Tomato,Karnataka
Mundaragi,2795.13,Groundnut,Karnataka
Mundaragi,1102.14,Maize,Karnataka
Mundaragi,931.32,Sajje,Karnataka
Mundaragi,3534.57,Sunflower,Karnataka
Mundgod,1170,Paddy(Dhan),Karnataka
Mysore (Bandipalya),1521,Beans,Karnataka
Mysore (Bandipalya),936,Beetroot,Karnataka
Mysore (Bandipalya),1755,Bhindi(Ladies Finger),Karnataka
Mysore (Bandipalya),643.5,Bottle gourd,Karnataka
Mysore (Bandipalya),936,Brinjal,Karnataka
Mysore (Bandipalya),292.5,Cabbage,Karnataka
Mysore (Bandipalya),1521,Carrot,Karnataka
Mysore (Bandipalya),1053,Cauliflower,Karnataka
Mysore (Bandipalya),1521,Chilly Capsicum,Karnataka
Mysore (Bandipalya),409.5,Cucumbar,Karnataka
Mysore (Bandipalya),1228.5,Green Chilly,Karnataka
Mysore (Bandipalya),2106,Green ginger,Karnataka
Mysore (Bandipalya),2281.5,Green Peas,Karnataka
Mysore (Bandipalya),1864.98,Honge seed,Karnataka
Mysore (Bandipalya),1172.34,Maize,Karnataka
Mysore (Bandipalya),1287,Onion,Karnataka
Mysore (Bandipalya),1221.48,Paddy(Dhan),Karnataka
Mysore (Bandipalya),1053,Potato,Karnataka
Mysore (Bandipalya),916.11,Ragi (Finger Millet),Karnataka
Mysore (Bandipalya),1638,Rice,Karnataka
Mysore (Bandipalya),2691,Rice,Karnataka
Mysore (Bandipalya),1989,Rice,Karnataka
Mysore (Bandipalya),643.5,Ridgeguard(Tori),Karnataka
Mysore (Bandipalya),1111.5,Snakeguard,Karnataka
Mysore (Bandipalya),1614.6,Soapnut,Karnataka
Mysore (Bandipalya),526.5,Sweet Potato,Karnataka
Mysore (Bandipalya),526.5,Sweet Pumpkin,Karnataka
Mysore (Bandipalya),4656.6,Tamarind Fruit,Karnataka
Mysore (Bandipalya),1243.71,Tamarind Seed,Karnataka
Mysore (Bandipalya),1053,Thondekai,Karnataka
Mysore (Bandipalya),292.5,Tomato,Karnataka
Nagamangala,585,Cucumber,Karnataka
Nagamangala,585,Tomato,Karnataka
Nagamangala,643.5,Tomato,Karnataka
Nandagada,1170,Paddy(Dhan),Karnataka
Nanjangud,1170,Paddy(Dhan),Karnataka
Nargunda,1093.95,Maize,Karnataka
Pandavapura,1170,Paddy(Dhan),Karnataka
Pandavapura,4680,Tender Coconut,Karnataka
Pandavapura,5850,Tender Coconut,Karnataka
Pavagada,4855.5,Ground Nut Seed,Karnataka
Piriya Pattana,3159,Avare Dal,Karnataka
Piriya Pattana,1170,Paddy(Dhan),Karnataka
Piriya Pattana,1053,Ragi (Finger Millet),Karnataka
Puttur,5616,Arecanut(Betelnut/Supari),Karnataka
Puttur,8424,Arecanut(Betelnut/Supari),Karnataka
Puttur,1579.5,Banana,Karnataka
Puttur,795.6,Banana,Karnataka
Puttur,7020,Cashewnuts,Karnataka
Puttur,6903,Copra,Karnataka
Puttur,6903,Copra,Karnataka
Puttur,1439.1,Paddy(Dhan),Karnataka
Puttur,2269.8,Rice,Karnataka
Puttur,2106,Rice,Karnataka
Puttur,2457,Rice,Karnataka
Puttur,2632.5,Rice,Karnataka
Raichur,6786,Cotton,Karnataka
Raichur,4620.33,Groundnut,Karnataka
Raichur,1771.38,Jowar(Sorgham),Karnataka
Raichur,978.12,Jowar(Sorgham),Karnataka
Raichur,1253.07,Onion,Karnataka
Raichur,1090.44,Paddy(Dhan),Karnataka
Raichur,1203.93,Paddy(Dhan),Karnataka
Raichur,3534.57,Sunflower,Karnataka
Ramanagara,1872,Beans,Karnataka
Ramanagara,1170,Beetroot,Karnataka
Ramanagara,2457,Bhindi(Ladies Finger),Karnataka
Ramanagara,1872,Brinjal,Karnataka
Ramanagara,585,Cabbage,Karnataka
Ramanagara,1755,Carrot,Karnataka
Ramanagara,795.6,Cucumbar,Karnataka
Ramanagara,5031,"Gingelly (Sesamum, Sesame, Til)",Karnataka
Ramanagara,1813.5,Green Chilly,Karnataka
Ramanagara,1053,Knool Khol,Karnataka
Ramanagara,585,Raddish,Karnataka
Ramanagara,1813.5,Ridgeguard(Tori),Karnataka
Ramanagara,936,Seemebadnekai,Karnataka
Ramanagara,1053,Thogrikai,Karnataka
Ramanagara,468,Tomato,Karnataka
Rona,3685.5,Groundnut,Karnataka
Rona,1070.55,Maize,Karnataka
Rona,3486.6,Sunflower,Karnataka
Sakaleshpura,1170,Paddy(Dhan),Karnataka
Santhesargur,1949.22,Banana - Green,Karnataka
Santhesargur,1111.5,Green ginger,Karnataka
Santhesargur,1287,Paddy(Dhan),Karnataka
Savanur,7504.38,Cotton,Karnataka
Savanur,2962.44,Groundnut,Karnataka
Savanur,2547.09,Soyabean,Karnataka
Shahapur,4339.53,Groundnut,Karnataka
Shikaripura,1053,Green ginger,Karnataka
Shikaripura,971.1,Maize,Karnataka
Shikaripura,1170,Paddy(Dhan),Karnataka
Shikaripura,971.1,Rice,Karnataka
Shikaripura,1989,Rice,Karnataka
Shimoga,8541,Black Grams (Urd Beans),Karnataka
Shimoga,6669,Green Grams (Moong),Karnataka
Shimoga,1099.8,Maize,Karnataka
Shimoga,1872,Rice,Karnataka
Shimoga,3393,Rice,Karnataka
Shimoga,2223,Rice,Karnataka
Shimoga,2340,Wheat,Karnataka
Siddapur,4936.23,Arecanut(Betelnut/Supari),Karnataka
Siddapur,4811.04,Arecanut(Betelnut/Supari),Karnataka
Siddapur,7498.53,Arecanut(Betelnut/Supari),Karnataka
Siddapur,14471.73,Arecanut(Betelnut/Supari),Karnataka
Siddapur,8886.15,Arecanut(Betelnut/Supari),Karnataka
Siddapur,10636.47,Arecanut(Betelnut/Supari),Karnataka
Siddapur,1345.5,Bottle gourd,Karnataka
Siddapur,1053,Brinjal,Karnataka
Siddapur,1345.5,Cabbage,Karnataka
Siddapur,760.5,Carrot,Karnataka
Siddapur,994.5,Cauliflower,Karnataka
Siddapur,1287,Elephant Yam (Suran),Karnataka
Siddapur,1491.75,Green Chilly,Karnataka
Siddapur,3744,Lemon,Karnataka
Siddapur,643.5,Methi,Karnataka
Siddapur,497.25,Onion,Karnataka
Siddapur,819,Onion Green,Karnataka
Siddapur,2310.75,Peas Wet,Karnataka
Siddapur,397.8,Potato,Karnataka
Siddapur,2106,Sweet Potato,Karnataka
Siddapur,702,Tomato,Karnataka
Sindagi,1170,Jowar(Sorgham),Karnataka
Sindagi,1053,Maize,Karnataka
Sirguppa,912.6,Rice,Karnataka
Sirsi,5688.54,Arecanut(Betelnut/Supari),Karnataka
Sirsi,8873.28,Arecanut(Betelnut/Supari),Karnataka
Sirsi,4633.2,Arecanut(Betelnut/Supari),Karnataka
Sirsi,6959.16,Arecanut(Betelnut/Supari),Karnataka
Sirsi,14014.26,Arecanut(Betelnut/Supari),Karnataka
Sirsi,10635.3,Arecanut(Betelnut/Supari),Karnataka
Somvarpet,193.05,Banana - Green,Karnataka
Somvarpet,898.56,Green ginger,Karnataka
Somvarpet,877.5,Maize,Karnataka
Somvarpet,5148,Tender Coconut,Karnataka
Soundati,7943.13,Cotton,Karnataka
Soundati,4667.13,Cotton,Karnataka
Soundati,3314.61,Groundnut,Karnataka
Srinivasapur,779.22,Tomato,Karnataka
Srinivasapur,311.22,Tomato,Karnataka
Srirangapattana,7020,Chilli Red,Karnataka
Srirangapattana,1170,Green ginger,Karnataka
Srirangapattana,936,Green Ginger,Karnataka
Srirangapattana,1263.6,Paddy(Dhan),Karnataka
Srirangapattana,5850,Tender Coconut,Karnataka
Sulya,8190,Arecanut(Betelnut/Supari),Karnataka
Sulya,5382,Arecanut(Betelnut/Supari),Karnataka
Sulya,1053,Banana - Green,Karnataka
T. Narasipura,1170,Paddy(Dhan),Karnataka
T. Narasipura,1696.5,Rice,Karnataka
T. Narasipura,409.5,Tamarind Fruit,Karnataka
Talikot,4095,Groundnut,Karnataka
Talikot,3686.67,"Sesamum(Sesame,Gingelly,Til)",Karnataka
Tarikere,1029.6,Green ginger,Karnataka
Tarikere,936,Ragi (Finger Millet),Karnataka
Tarikere,2421.9,Tamarind Fruit,Karnataka
Tiptur,7605,Copra,Karnataka
Tumkur,11817,Arecanut(Betelnut/Supari),Karnataka
Tumkur,11700,Arecanut(Betelnut/Supari),Karnataka
Tumkur,7605,Chilli Red,Karnataka
Tumkur,5850,Coriander,Karnataka
Tumkur,702,Onion,Karnataka
Tumkur,1345.5,Paddy(Dhan),Karnataka
Tumkur,1287,Paddy(Dhan),Karnataka
Tumkur,936,Potato,Karnataka
Tumkur,1872,Soapnut,Karnataka
Tumkur,2274.48,Soapnut,Karnataka
Tumkur,8775,Tamarind Fruit,Karnataka
Tumkur,7605,Tamarind fruit,Karnataka
Tumkur,585,Tomato,Karnataka
Turvekere,7581.6,Copra,Karnataka
Udupi,1345.5,Paddy(Dhan),Karnataka
Udupi,1345.5,Paddy(Dhan),Karnataka
Udupi,2340,Rice,Karnataka
Yadgir,4296.24,Green Grams (Moong),Karnataka
Yadgir,4515.03,Groundnut,Karnataka
Yadgir,3294.72,Safflower,Karnataka
Yadgir,3294.72,Sunflower,Karnataka
Yalburga,3650.4,Sunflower,Karnataka
Alappuzha,1404,Amaranthus,Kerala
Alappuzha,2340,Amphophalus,Kerala
Alappuzha,1404,Ashgourd,Kerala
Alappuzha,2632.5,Banana,Kerala
Alappuzha,2632.5,Banana,Kerala
Alappuzha,3276,Banana,Kerala
Alappuzha,1287,Banana,Kerala
Alappuzha,3276,Banana,Kerala
Alappuzha,1404,Banana,Kerala
Alappuzha,1462.5,Banana - Green,Kerala
Alappuzha,1462.5,Beetroot,Kerala
Alappuzha,1170,Bhindi(Ladies Finger),Kerala
Alappuzha,2925,Bitter gourd,Kerala
Alappuzha,8014.5,Black Grams (Urd Beans),Kerala
Alappuzha,1638,Bottle gourd,Kerala
Alappuzha,1638,Brinjal,Kerala
Alappuzha,1170,Cabbage,Kerala
Alappuzha,4446,Capsicum,Kerala
Alappuzha,3042,Carrot,Kerala
Alappuzha,2106,Cauliflower,Kerala
Alappuzha,2106,Colacasia,Kerala
Alappuzha,2340,Cowpea(Veg),Kerala
Alappuzha,760.5,Cucumbar,Kerala
Alappuzha,3744,Grapes,Kerala
Alappuzha,5850,Grapes,Kerala
Alappuzha,8424,Grapes,Kerala
Alappuzha,1462.5,Green Chilly,Kerala
Alappuzha,3510,Green ginger,Kerala
Alappuzha,7605,Green Grams (Moong),Kerala
Alappuzha,7605,Green Peas,Kerala
Alappuzha,1404,Indian Beans (Seam),Kerala
Alappuzha,5382,Leafy Vegetable,Kerala
Alappuzha,4680,Lemon,Kerala
Alappuzha,3744,Mint(Pudina),Kerala
Alappuzha,1755,Onion,Kerala
Alappuzha,4212,Onion,Kerala
Alappuzha,4680,Orange,Kerala
Alappuzha,2164.5,Pine Apple,Kerala
Alappuzha,1170,Potato,Kerala
Alappuzha,1170,Pumpkin,Kerala
Alappuzha,5616,Rice,Kerala
Alappuzha,2515.5,Rice,Kerala
Alappuzha,3334.5,Rice,Kerala
Alappuzha,3217.5,Rice,Kerala
Alappuzha,2223,Rice,Kerala
Alappuzha,1638,Snakeguard,Kerala
Alappuzha,1170,Tapioca,Kerala
Alappuzha,877.5,Tomato,Kerala
Alappuzha,1170,Water Melon,Kerala
Alappuzha,2749.5,Wheat,Kerala
Alappuzha,1638,Yam (Ratalu),Kerala
Athirampuzha,2925,Banana - Green,Kerala
Athirampuzha,1872,Beetroot,Kerala
Athirampuzha,2340,Bhindi(Ladies Finger),Kerala
Athirampuzha,3510,Bitter gourd,Kerala
Athirampuzha,2340,Brinjal,Kerala
Athirampuzha,2106,Cabbage,Kerala
Athirampuzha,3744,Carrot,Kerala
Athirampuzha,3978,Cowpea(Veg),Kerala
Athirampuzha,1872,Cucumbar,Kerala
Athirampuzha,2574,Green Chilly,Kerala
Athirampuzha,2106,Little gourd (Kundru),Kerala
Athirampuzha,4680,Onion,Kerala
Athirampuzha,1638,Potato,Kerala
Athirampuzha,2106,Snakeguard,Kerala
Athirampuzha,1872,Tomato,Kerala
Cherthala,1404,Ashgourd,Kerala
Cherthala,2632.5,Banana,Kerala
Cherthala,2691,Banana,Kerala
Cherthala,1111.5,Banana,Kerala
Cherthala,2632.5,Banana,Kerala
Cherthala,1404,Banana,Kerala
Cherthala,1521,Beetroot,Kerala
Cherthala,1170,Bhindi(Ladies Finger),Kerala
Cherthala,2925,Bitter gourd,Kerala
Cherthala,7956,Black Grams (Urd Beans),Kerala
Cherthala,2106,Brinjal,Kerala
Cherthala,1638,Brinjal,Kerala
Cherthala,1170,Cabbage,Kerala
Cherthala,4446,Capsicum,Kerala
Cherthala,3159,Carrot,Kerala
Cherthala,2106,Cauliflower,Kerala
Cherthala,2223,Colacasia,Kerala
Cherthala,760.5,Cucumbar,Kerala
Cherthala,2457,Elephant Yam (Suran),Kerala
Cherthala,1813.5,Onion,Kerala
Cherthala,4446,Onion,Kerala
Cherthala,1170,Potato,Kerala
Cherthala,1404,Pumpkin,Kerala
Cherthala,5967,Rice,Kerala
Cherthala,2515.5,Rice,Kerala
Cherthala,3334.5,Rice,Kerala
Cherthala,3276,Rice,Kerala
Cherthala,1638,Snakeguard,Kerala
Cherthala,936,Tomato,Kerala
Cherthala,1287,Water Melon,Kerala
Ernakulam,2106,Amphophalus,Kerala
Ernakulam,1404,Ashgourd,Kerala
Ernakulam,2808,Banana,Kerala
Ernakulam,2808,Banana - Green,Kerala
Ernakulam,1404,Bhindi(Ladies Finger),Kerala
Ernakulam,2925,Bitter gourd,Kerala
Ernakulam,1521,Brinjal,Kerala
Ernakulam,1404,Cabbage,Kerala
Ernakulam,3042,Carrot,Kerala
Ernakulam,1755,Cauliflower,Kerala
Ernakulam,1872,Cowpea(Veg),Kerala
Ernakulam,1053,Cucumbar,Kerala
Ernakulam,1638,Green Chilly,Kerala
Ernakulam,2925,Green ginger,Kerala
Ernakulam,4095,Lemon,Kerala
Ernakulam,3276,Mango (Raw-Ripe),Kerala
Ernakulam,1638,Onion,Kerala
Ernakulam,1989,Pine Apple,Kerala
Ernakulam,1404,Potato,Kerala
Ernakulam,1170,Pumpkin,Kerala
Ernakulam,2691,Rice,Kerala
Ernakulam,2457,Rice,Kerala
Ernakulam,1287,Snakeguard,Kerala
Ernakulam,1404,Tapioca,Kerala
Ernakulam,1053,Tomato,Kerala
Ezhamkulam,2106,Amaranthus,Kerala
Ezhamkulam,1521,Amaranthus,Kerala
Ezhamkulam,1755,Ashgourd,Kerala
Ezhamkulam,1170,Ashgourd,Kerala
Ezhamkulam,2808,Banana,Kerala
Ezhamkulam,1521,Banana,Kerala
Ezhamkulam,3276,Banana,Kerala
Ezhamkulam,1404,Banana,Kerala
Ezhamkulam,3627,Bhindi(Ladies Finger),Kerala
Ezhamkulam,1287,Bhindi(Ladies Finger),Kerala
Ezhamkulam,2808,Bitter gourd,Kerala
Ezhamkulam,2925,Bitter gourd,Kerala
Ezhamkulam,1989,Brinjal,Kerala
Ezhamkulam,1521,Brinjal,Kerala
Ezhamkulam,11466,Coconut Oil,Kerala
Ezhamkulam,7137,Coconut Oil,Kerala
Ezhamkulam,3744,Cowpea(Veg),Kerala
Ezhamkulam,3627,Cowpea(Veg),Kerala
Ezhamkulam,1989,Cucumbar,Kerala
Ezhamkulam,1170,Cucumber,Kerala
Ezhamkulam,2574,Elephant Yam (Suran),Kerala
Ezhamkulam,1521,Elephant Yam (Suran),Kerala
Ezhamkulam,3978,Green ginger,Kerala
Ezhamkulam,2223,Green Ginger,Kerala
Ezhamkulam,34749,Pepper ungarbled,Kerala
Ezhamkulam,27963,Rubber,Kerala
Ezhamkulam,2106,Snakeguard,Kerala
Ezhamkulam,1638,Snakeguard,Kerala
Ezhamkulam,1521,Tapioca,Kerala
Ezhamkulam,1287,Tapioca,Kerala
Harippad,1340,Amphophalus,Kerala
Harippad,804,Ashgourd,Kerala
Harippad,1675,Banana,Kerala
Harippad,1742,Banana,Kerala
Harippad,1842.5,Banana,Kerala
Harippad,804,Banana,Kerala
Harippad,804,Banana,Kerala
Harippad,1072,Beetroot,Kerala
Harippad,1206,Bhindi(Ladies Finger),Kerala
Harippad,2010,Bitter gourd,Kerala
Harippad,4556,Black Grams (Urd Beans),Kerala
Harippad,938,Brinjal,Kerala
Harippad,804,Cabbage,Kerala
Harippad,7236,Coconut Oil,Kerala
Harippad,1474,Colacasia,Kerala
Harippad,804,Green Chilly,Kerala
Harippad,2010,Green ginger,Kerala
Harippad,3015,Onion,Kerala
Harippad,1206,Pine Apple,Kerala
Harippad,938,Potato,Kerala
Harippad,804,Pumpkin,Kerala
Irikkur,871,Banana,Kerala
Irikkur,15075,Rubber,Kerala
Kallachi,1072,Amaranthus,Kerala
Kallachi,1139,Amphophalus,Kerala
Kallachi,1474,Arecanut(Betelnut/Supari),Kerala
Kallachi,8576,Arecanut(Betelnut/Supari),Kerala
Kallachi,971.5,Ashgourd,Kerala
Kallachi,1775.5,Banana,Kerala
Kallachi,904.5,Banana,Kerala
Kallachi,1976.5,Banana,Kerala
Kallachi,1775.5,Banana - Green,Kerala
Kallachi,938,Beetroot,Kerala
Kallachi,1541,Bhindi(Ladies Finger),Kerala
Kallachi,1373.5,Bitter gourd,Kerala
Kallachi,18425,Black pepper,Kerala
Kallachi,19095,Black pepper,Kerala
Kallachi,737,Bottle gourd,Kerala
Kallachi,770.5,Brinjal,Kerala
Kallachi,871,Cabbage,Kerala
Kallachi,1474,Carrot,Kerala
Kallachi,1072,Cluster Beans,Kerala
Kallachi,4690,Coconut Oil,Kerala
Kallachi,3015,Copra,Kerala
Kallachi,1273,Cowpea(Veg),Kerala
Kallachi,1139,Cucumber,Kerala
Kallachi,4991.5,Drumstick,Kerala
Kallachi,1474,French Beans (Frasbean),Kerala
Kallachi,5695,Ginger,Kerala
Kallachi,1474,Green Chilly,Kerala
Kallachi,1340,Green Ginger,Kerala
Kallachi,569.5,Onion,Kerala
Kallachi,971.5,Potato,Kerala
Kallachi,603,Pumpkin,Kerala
Kallachi,1038.5,Snakeguard,Kerala
Kallachi,871,Tomato,Kerala
Kanjirappally,1675,Banana - Green,Kerala
Kanjirappally,938,Beetroot,Kerala
Kanjirappally,1340,Bhindi(Ladies Finger),Kerala
Kanjirappally,2010,Bitter gourd,Kerala
Kanjirappally,1206,Brinjal,Kerala
Kanjirappally,1206,Cabbage,Kerala
Kanjirappally,2412,Carrot,Kerala
Kanjirappally,1340,Cluster beans,Kerala
Kanjirappally,2010,Colacasia,Kerala
Kanjirappally,2278,Cowpea(Veg),Kerala
Kanjirappally,1206,Cucumbar,Kerala
Kanjirappally,1206,Elephant Yam (Suran),Kerala
Kanjirappally,1608,Green Chilly,Kerala
Kanjirappally,4020,Green ginger,Kerala
Kanjirappally,1206,Little gourd (Kundru),Kerala
Kanjirappally,2814,Onion,Kerala
Kanjirappally,1474,Potato,Kerala
Kanjirappally,1072,Pumpkin,Kerala
Kanjirappally,1206,Snakeguard,Kerala
Kanjirappally,938,Tapioca,Kerala
Kanjirappally,1206,Tomato,Kerala
Kasargod,670,Amaranthus,Kerala
Kasargod,12730,Arecanut(Betelnut/Supari),Kerala
Kasargod,1340,Banana,Kerala
Kasargod,1340,Banana,Kerala
Kasargod,2345,Bhindi(Ladies Finger),Kerala
Kasargod,4221,Cashewnuts,Kerala
Kasargod,2680,Copra,Kerala
Kasargod,1608,Cowpea(Veg),Kerala
Kasargod,804,Cucumber,Kerala
Kasargod,636.5,Paddy(Dhan),Kerala
Kasargod,20435,Pepper garbled,Kerala
Kasargod,536,Pumpkin,Kerala
Kodumgalloor,1072,Ashgourd,Kerala
Kodumgalloor,1608,Banana - Green,Kerala
Kodumgalloor,2077,Bitter gourd,Kerala
Kodumgalloor,1608,Elephant Yam (Suran),Kerala
Kodumgalloor,2345,Green ginger,Kerala
Kodumgalloor,1005,Onion,Kerala
Kodumgalloor,670,Pumpkin,Kerala
Kodumgalloor,871,Tapioca,Kerala
Kollam,1005,Amaranthus,Kerala
Kollam,1608,Amphophalus,Kerala
Kollam,7705,Apple,Kerala
Kollam,1005,Ashgourd,Kerala
Kollam,1608,Banana,Kerala
Kollam,938,Banana,Kerala
Kollam,1809,Banana,Kerala
Kollam,938,Banana,Kerala
Kollam,871,Banana - Green,Kerala
Kollam,1943,Barley (Jau),Kerala
Kollam,1541,Beetroot,Kerala
Kollam,1809,Bhindi(Ladies Finger),Kerala
Kollam,1273,Bitter gourd,Kerala
Kollam,5293,Black Grams (Urd Beans),Kerala
Kollam,737,Bottle gourd,Kerala
Kollam,1541,Brinjal,Kerala
Kollam,1005,Cabbage,Kerala
Kollam,3283,Capsicum,Kerala
Kollam,2345,Carrot,Kerala
Kollam,27805,Cashewnuts,Kerala
Kollam,1608,Cauliflower,Kerala
Kollam,1809,Cluster beans,Kerala
Kollam,7102,Coconut Oil,Kerala
Kollam,15745,Coffee,Kerala
Kollam,1943,Colacasia,Kerala
Kollam,2613,Coriander,Kerala
Kollam,1943,Cowpea(Veg),Kerala
Kollam,1139,Cucumbar,Kerala
Kollam,1005,Cucumber (Long Melon),Kerala
Kollam,5695,Drumstick,Kerala
Kollam,18425,Dry Grapes,Kerala
Kollam,3283,Grapes,Kerala
Kollam,1273,Green Chilly,Kerala
Kollam,2613,Green ginger,Kerala
Kollam,4891,Green Grams (Moong),Kerala
Kollam,1876,Green Peas,Kerala
Kollam,1608,Guava,Kerala
Kollam,1675,Indian Beans (Seam),Kerala
Kollam,1541,Little gourd (Kundru),Kerala
Kollam,3283,Mango (Raw-Ripe),Kerala
Kollam,2613,Mint(Pudina),Kerala
Kollam,1608,Mousambi,Kerala
Kollam,3149,Mustard,Kerala
Kollam,1273,Onion,Kerala
Kollam,2479,Onion,Kerala
Kollam,2948,Orange,Kerala
Kollam,1139,Pine Apple,Kerala
Kollam,1005,Potato,Kerala
Kollam,1005,Pumpkin,Kerala
Kollam,5293,Rice,Kerala
Kollam,1943,Rice,Kerala
Kollam,1474,Rice,Kerala
Kollam,1139,Snakeguard,Kerala
Kollam,1809,Soji,Kerala
Kollam,5628,Sunflower,Kerala
Kollam,737,Tapioca,Kerala
Kollam,9045,Tea,Kerala
Kollam,871,Tomato,Kerala
Kollam,737,Water Melon,Kerala
Kollam,1943,Yam (Ratalu),Kerala
Kondotty,536,Amaranthus,Kerala
Kondotty,1675,Amla,Kerala
Kondotty,1608,Amphophalus,Kerala
Kondotty,804,Ashgourd,Kerala
Kondotty,1340,Banana - Green,Kerala
Kondotty,670,Beetroot,Kerala
Kondotty,1005,Ber (Zizyphus),Kerala
Kondotty,670,Bhindi(Ladies Finger),Kerala
Kondotty,1072,Bitter gourd,Kerala
Kondotty,402,Bottle gourd,Kerala
Kondotty,670,Brinjal,Kerala
Kondotty,536,Cabbage,Kerala
Kondotty,1340,Capsicum,Kerala
Kondotty,1675,Carrot,Kerala
Kondotty,1005,Cauliflower,Kerala
Kondotty,670,Chow Chow,Kerala
Kondotty,804,Colacasia,Kerala
Kondotty,1340,Coriander,Kerala
Kondotty,1675,Cowpea(Veg),Kerala
Kondotty,536,Cucumbar,Kerala
Kondotty,4020,Drumstick,Kerala
Kondotty,804,French Beans (Frasbean),Kerala
Kondotty,2412,Grapes,Kerala
Kondotty,670,Green Chilly,Kerala
Kondotty,1876,Green ginger,Kerala
Kondotty,1340,Guava,Kerala
Kondotty,3685,Lime,Kerala
Kondotty,2010,Mango (Raw-Ripe),Kerala
Kondotty,1072,Onion,Kerala
Kondotty,2144,Orange,Kerala
Kondotty,938,Papaya,Kerala
Kondotty,1340,Pine Apple,Kerala
Kondotty,804,Potato,Kerala
Kondotty,536,Pumpkin,Kerala
Kondotty,670,Snakeguard,Kerala
Kondotty,2010,Tamarind Fruit,Kerala
Kondotty,402,Tomato,Kerala
Kondotty,670,Water Melon,Kerala
Kottayam,1675,Banana,Kerala
Kottayam,1742,Banana,Kerala
Kottayam,1608,Banana - Green,Kerala
Kottayam,938,Beetroot,Kerala
Kottayam,1206,Bhindi(Ladies Finger),Kerala
Kottayam,2010,Bitter gourd,Kerala
Kottayam,4556,Black Grams (Urd Beans),Kerala
Kottayam,1206,Brinjal,Kerala
Kottayam,2010,Carrot,Kerala
Kottayam,1340,Cluster beans,Kerala
Kottayam,6767,Coconut Oil,Kerala
Kottayam,2010,Cowpea(Veg),Kerala
Kottayam,938,Cucumbar,Kerala
Kottayam,1340,Green Chilly,Kerala
Kottayam,4757,Green Grams (Moong),Kerala
Kottayam,2680,Onion,Kerala
Kottayam,1206,Pine Apple,Kerala
Kottayam,938,Potato,Kerala
Kottayam,1809,Rice,Kerala
Kottayam,1072,Snakeguard,Kerala
Kottayam,1072,Tomato,Kerala
Kuthuparambu,5025,Arecanut(Betelnut/Supari),Kerala
Kuthuparambu,1340,Banana,Kerala
Kuthuparambu,4120.5,Copra,Kerala
Moovattupuzha,871,Amaranthus,Kerala
Moovattupuzha,1474,Amphophalus,Kerala
Moovattupuzha,1139,Ashgourd,Kerala
Moovattupuzha,1005,Bhindi(Ladies Finger),Kerala
Moovattupuzha,1809,Bitter gourd,Kerala
Moovattupuzha,804,Brinjal,Kerala
Moovattupuzha,938,Cabbage,Kerala
Moovattupuzha,1742,Carrot,Kerala
Moovattupuzha,1239.5,Cauliflower,Kerala
Moovattupuzha,6566,Coconut Oil,Kerala
Moovattupuzha,1340,Cowpea(Veg),Kerala
Moovattupuzha,871,Cucumbar,Kerala
Moovattupuzha,5561,Drumstick,Kerala
Moovattupuzha,1206,Green Chilly,Kerala
Moovattupuzha,1608,Little gourd (Kundru),Kerala
Moovattupuzha,2479,Mango (Raw-Ripe),Kerala
Moovattupuzha,1340,Onion,Kerala
Moovattupuzha,2814,Onion,Kerala
Moovattupuzha,1206,Potato,Kerala
Moovattupuzha,971.5,Pumpkin,Kerala
Moovattupuzha,871,Snakeguard,Kerala
Moovattupuzha,938,Tapioca,Kerala
Moovattupuzha,938,Tomato,Kerala
Palakkad,603,Amaranthus,Kerala
Palakkad,603,Ashgourd,Kerala
Palakkad,1742,Banana,Kerala
Palakkad,1072,Banana,Kerala
Palakkad,1474,Banana,Kerala
Palakkad,938,Beetroot,Kerala
Palakkad,1474,Bhindi(Ladies Finger),Kerala
Palakkad,1474,Bitter gourd,Kerala
Palakkad,603,Bottle gourd,Kerala
Palakkad,1072,Brinjal,Kerala
Palakkad,603,Cabbage,Kerala
Palakkad,1474,Carrot,Kerala
Palakkad,1340,Cauliflower,Kerala
Palakkad,6063,Chilli Red,Kerala
Palakkad,1892,Cluster Beans,Kerala
Palakkad,1892,Colacasia,Kerala
Palakkad,1204,Cowpea(Veg),Kerala
Palakkad,774,Cucumber,Kerala
Palakkad,4730,Drumstick,Kerala
Palakkad,7740,Elephant Yam (Suran),Kerala
Palakkad,7740,Garlic,Kerala
Palakkad,1892,Green Avare (W),Kerala
Palakkad,3225,Green Chilly,Kerala
Palakkad,1892,Green Chilly,Kerala
Palakkad,1032,Green Ginger,Kerala
Palakkad,4945,Lime,Kerala
Palakkad,2795,Mango (Raw-Ripe),Kerala
Palakkad,1032,Onion,Kerala
Palakkad,1204,Onion,Kerala
Palakkad,1548,Pine Apple,Kerala
Palakkad,1376,Potato,Kerala
Palakkad,774,Pumpkin,Kerala
Palakkad,1204,Snakeguard,Kerala
Palakkad,774,Tapioca,Kerala
Palakkad,1376,Tomato,Kerala
Palayam,946,Amaranthus,Kerala
Palayam,1677,Amphophalus,Kerala
Palayam,1204,Ashgourd,Kerala
Palayam,1806,Banana - Green,Kerala
Palayam,731,Beetroot,Kerala
Palayam,559,Bhindi(Ladies Finger),Kerala
Palayam,1462,Bitter gourd,Kerala
Palayam,602,Bottle gourd,Kerala
Palayam,516,Brinjal,Kerala
Palayam,731,Cabbage,Kerala
Palayam,2150,Carrot,Kerala
Palayam,1806,Cluster beans,Kerala
Palayam,2236,Cowpea(Veg),Kerala
Palayam,688,Cucumbar,Kerala
Palayam,5160,Drumstick,Kerala
Palayam,1118,French Beans (Frasbean),Kerala
Palayam,946,Green Chilly,Kerala
Palayam,1978,Green ginger,Kerala
Palayam,1333,Onion,Kerala
Palayam,1032,Potato,Kerala
Palayam,688,Pumpkin,Kerala
Palayam,946,Snakeguard,Kerala
Palayam,430,Tomato,Kerala
Parakkodu,1462,Amaranthus,Kerala
Parakkodu,1118,Amaranthus,Kerala
Parakkodu,1435.5,Ashgourd,Kerala
Parakkodu,670,Ashgourd,Kerala
Parakkodu,1675,Banana,Kerala
Parakkodu,871,Banana,Kerala
Parakkodu,1876,Banana,Kerala
Parakkodu,871,Banana,Kerala
Parakkodu,2010,Bhindi(Ladies Finger),Kerala
Parakkodu,737,Bhindi(Ladies Finger),Kerala
Parakkodu,1541,Bitter gourd,Kerala
Parakkodu,1608,Bitter gourd,Kerala
Parakkodu,1206,Brinjal,Kerala
Parakkodu,804,Brinjal,Kerala
Parakkodu,6566,Coconut Oil,Kerala
Parakkodu,4087,Coconut Oil,Kerala
Parakkodu,2077,Cowpea(Veg),Kerala
Parakkodu,2010,Cowpea(Veg),Kerala
Parakkodu,1139,Cucumbar,Kerala
Parakkodu,670,Cucumber,Kerala
Parakkodu,1474,Elephant Yam (Suran),Kerala
Parakkodu,871,Elephant Yam (Suran),Kerala
Parakkodu,2211,Green ginger,Kerala
Parakkodu,1273,Green Ginger,Kerala
Parakkodu,804,Paddy(Dhan),Kerala
Parakkodu,20167,Pepper ungarbled,Kerala
Parakkodu,16013,Rubber,Kerala
Parakkodu,1139,Snakeguard,Kerala
Parakkodu,871,Snakeguard,Kerala
Parakkodu,804,Tapioca,Kerala
Parakkodu,737,Tapioca,Kerala
Parappanangadi,1742,Rice,Kerala
Parappanangadi,1407,Rice,Kerala
Pattambi,904.5,Amaranthus,Kerala
Pattambi,904.5,Amaranthus,Kerala
Pattambi,904.5,Ashgourd,Kerala
Pattambi,1876,Banana,Kerala
Pattambi,904.5,Banana,Kerala
Pattambi,1876,Banana,Kerala
Pattambi,1072,Beetroot,Kerala
Pattambi,1809,Bhindi(Ladies Finger),Kerala
Pattambi,1675,Bitter gourd,Kerala
Pattambi,1072,Bottle gourd,Kerala
Pattambi,938,Brinjal,Kerala
Pattambi,938,Cabbage,Kerala
Pattambi,1273,Carrot,Kerala
Pattambi,1206,Cauliflower,Kerala
Pattambi,1206,Cluster Beans,Kerala
Pattambi,938,Colacasia,Kerala
Pattambi,1206,Cowpea(Veg),Kerala
Pattambi,904.5,Cucumber,Kerala
Pattambi,5025,Drumstick,Kerala
Pattambi,1072,Green Avare (W),Kerala
Pattambi,1876,Green Chilly,Kerala
Pattambi,1507.5,Green Chilly,Kerala
Pattambi,1675,Green Ginger,Kerala
Pattambi,3182.5,Lime,Kerala
Pattambi,2546,Mango (Raw-Ripe),Kerala
Pattambi,636.5,Onion,Kerala
Pattambi,1139,Onion,Kerala
Pattambi,1005,Potato,Kerala
Pattambi,569.5,Pumpkin,Kerala
Pattambi,904.5,Snakeguard,Kerala
Pattambi,904.5,Sweet Potato,Kerala
Pattambi,904.5,Tapioca,Kerala
Pattambi,1005,Tomato,Kerala
Perumbavoor,804,Amaranthus,Kerala
Perumbavoor,5695,Arecanut(Betelnut/Supari),Kerala
Perumbavoor,1005,Ashgourd,Kerala
Perumbavoor,1608,Banana,Kerala
Perumbavoor,804,Banana,Kerala
Perumbavoor,1541,Banana,Kerala
Perumbavoor,804,Bhindi(Ladies Finger),Kerala
Perumbavoor,1675,Bitter gourd,Kerala
Perumbavoor,670,Brinjal,Kerala
Perumbavoor,804,Cabbage,Kerala
Perumbavoor,1608,Carrot,Kerala
Perumbavoor,1206,Cauliflower,Kerala
Perumbavoor,938,Colacasia,Kerala
Perumbavoor,670,Cucumbar,Kerala
Perumbavoor,5360,Drumstick,Kerala
Perumbavoor,1206,Elephant Yam (Suran),Kerala
Perumbavoor,1139,Field Pea,Kerala
Perumbavoor,938,Green Chilly,Kerala
Perumbavoor,1340,Little gourd (Kundru),Kerala
Perumbavoor,2345,Mango (Raw-Ripe),Kerala
Perumbavoor,1139,Onion,Kerala
Perumbavoor,1206,Pine Apple,Kerala
Perumbavoor,1072,Potato,Kerala
Perumbavoor,804,Pumpkin,Kerala
Perumbavoor,670,Snakeguard,Kerala
Perumbavoor,670,Tomato,Kerala
Sultan bathery,770.5,Banana,Kerala
Sultan bathery,6164,Coffee,Kerala
Sultan bathery,770.5,Paddy(Dhan),Kerala
Sultan bathery,15075,Rubber,Kerala
Thalasserry,1574.5,Banana,Kerala
Thalasserry,4489,Coconut Oil,Kerala
Thalasserry,2680,Copra,Kerala
Thalasserry,20100,Pepper ungarbled,Kerala
Thirurrangadi,2322,Banana,Kerala
Thirurrangadi,1404,Banana,Kerala
Thirurrangadi,2970,Banana,Kerala
Thirurrangadi,10044,Coffee,Kerala
Alangudi,1350,Paddy(Dhan),Tamil Nadu
Alangudi,1134,Paddy(Dhan),Tamil Nadu
Ammoor,1059.48,Paddy(Dhan),Tamil Nadu
Ammoor,937.44,Paddy(Dhan),Tamil Nadu
Ammoor,1161,Paddy(Dhan),Tamil Nadu
Ammoor,1102.68,Paddy(Dhan),Tamil Nadu
Ammoor,1010.88,Paddy(Dhan),Tamil Nadu
Ammoor,1253.88,Paddy(Dhan),Tamil Nadu
Ammoor,1253.88,Paddy(Dhan),Tamil Nadu
Anaimalai,864,Paddy(Dhan),Tamil Nadu
Annur,675,Chilli Red,Tamil Nadu
Annur,8802,Cotton,Tamil Nadu
Annur,4449.6,Cotton,Tamil Nadu
Annur,1015.2,Maize,Tamil Nadu
Annur,1242,Maize,Tamil Nadu
Anthiyur,4879.44,Castor Seed,Tamil Nadu
Anthiyur,3746.52,Castor Seeds,Tamil Nadu
Anthiyur,1823.04,Coconut Seed,Tamil Nadu
Anthiyur,6841.8,Copra,Tamil Nadu
Anthiyur,3973.32,Copra,Tamil Nadu
Anthiyur,1108.08,Maize,Tamil Nadu
Anthiyur,1197.72,Maize,Tamil Nadu
Anthiyur,3476.52,Red Grams,Tamil Nadu
Aruppukottai,3834,Black Grams (Urd Beans),Tamil Nadu
Aruppukottai,5130,Corriander seed,Tamil Nadu
Aruppukottai,3834,Green Grams (Moong),Tamil Nadu
Aruppukottai,4482,Groundnut,Tamil Nadu
Aruppukottai,1647,Horses Gram,Tamil Nadu
Aruppukottai,1209.6,Hybrid Cumbu,Tamil Nadu
Aruppukottai,1539,Jowar(Sorgham),Tamil Nadu
Aruppukottai,1177.2,Jowar(Sorgham),Tamil Nadu
Aruppukottai,1242,Maize,Tamil Nadu
Aruppukottai,972,Paddy(Dhan),Tamil Nadu
Aruppukottai,901.8,Paddy(Dhan),Tamil Nadu
Aruppukottai,1069.2,Ragi (Finger Millet),Tamil Nadu
Aruppukottai,3132,Sunflower Seed,Tamil Nadu
Arur,1134,Paddy(Dhan),Tamil Nadu
Avalurpet,3179.52,Black Grams (Urd Beans),Tamil Nadu
Avalurpet,4038.12,Green Grams (Moong),Tamil Nadu
Avalurpet,4968,Groundnut,Tamil Nadu
Avalurpet,1386.72,Horses Gram,Tamil Nadu
Avalurpet,1090.8,Paddy(Dhan),Tamil Nadu
Avalurpet,0,Ragi (Finger Millet),Tamil Nadu
Bargur,1269,Chilli Red,Tamil Nadu
Bodinayakkanur,1188,Paddy(Dhan),Tamil Nadu
Chethupattu,4200.12,Black Grams (Urd Beans),Tamil Nadu
Chethupattu,4288.68,Groundnut,Tamil Nadu
Chethupattu,1166.4,Paddy(Dhan),Tamil Nadu
Chethupattu,1015.2,Paddy(Dhan),Tamil Nadu
Chethupattu,1010.88,Paddy(Dhan),Tamil Nadu
Chethupattu,1123.2,Paddy(Dhan),Tamil Nadu
Chethupattu,798.12,Ragi (Finger Millet),Tamil Nadu
Cheyyar,4667.76,Black Grams (Urd Beans),Tamil Nadu
Cheyyar,3738.96,Black Grams (Urd Beans),Tamil Nadu
Cheyyar,12852,Chilli Red,Tamil Nadu
Cheyyar,3390.12,Cowpea (Lobia)(Asparagus),Tamil Nadu
Cheyyar,4059.72,Green Grams (Moong),Tamil Nadu
Cheyyar,3857.76,Green Grams (Moong),Tamil Nadu
Cheyyar,4353.48,Groundnut,Tamil Nadu
Cheyyar,6548.04,Groundnut,Tamil Nadu
Cheyyar,888.84,Paddy(Dhan),Tamil Nadu
Cheyyar,963.36,Paddy(Dhan),Tamil Nadu
Cheyyar,989.28,Paddy(Dhan),Tamil Nadu
Cheyyar,1001.16,Paddy(Dhan),Tamil Nadu
Cheyyar,1195.56,Paddy(Dhan),Tamil Nadu
Cheyyar,1281.96,Paddy(Dhan),Tamil Nadu
Cheyyar,1163.16,Ragi (Finger Millet),Tamil Nadu
Cheyyar,1338.12,Ragi (Finger Millet),Tamil Nadu
Cheyyar,3282.12,Red Grams,Tamil Nadu
Chinnamanur,2538,Banana,Tamil Nadu
Chinnamanur,2808,Banana,Tamil Nadu
Chinnamanur,1242,Banana - Green,Tamil Nadu
Chinnamanur,1231.2,Paddy(Dhan),Tamil Nadu
Chinnasalem,0,Varagu,Tamil Nadu
Coimbatore,4644,Turmeric,Tamil Nadu
Coimbatore,4860,Turmeric,Tamil Nadu
Cumbum,1231.2,Paddy(Dhan),Tamil Nadu
Denkanikottai,1080,Ragi (Finger Millet),Tamil Nadu
Desur,1015.2,Paddy(Dhan),Tamil Nadu
Desur,1364.04,Paddy(Dhan),Tamil Nadu
Desur,1161,Paddy(Dhan),Tamil Nadu
Erode,3670.92,Turmeric,Tamil Nadu
Erode,3683.88,Turmeric,Tamil Nadu
Gingee,3780,Black Grams (Urd Beans),Tamil Nadu
Gingee,3889.08,Green Grams (Moong),Tamil Nadu
Gingee,4374,Groundnut,Tamil Nadu
Gingee,1512,Horses Gram,Tamil Nadu
Gingee,1003.32,Paddy(Dhan),Tamil Nadu
Gingee,1215,Ragi (Finger Millet),Tamil Nadu
Gingee,1296,T.V.Cumbu,Tamil Nadu
Gudiyatham,4704.48,Cotton,Tamil Nadu
Hosur,1026,"Gingelly (Sesamum, Sesame, Til)",Tamil Nadu
Hosur,1350,Horses Gram,Tamil Nadu
Hosur,1026,Ragi (Finger Millet),Tamil Nadu
Kalavai,1030.32,Paddy(Dhan),Tamil Nadu
Kalavai,1124.28,Paddy(Dhan),Tamil Nadu
Kallakurichi,4038.12,Black Grams (Urd Beans),Tamil Nadu
Kallakurichi,4075.92,"Gingelly (Sesamum, Sesame, Til)",Tamil Nadu
Kallakurichi,4318.92,Green Grams (Moong),Tamil Nadu
Kallakurichi,0,Groundnut,Tamil Nadu
Kallakurichi,0,Maize,Tamil Nadu
Kallakurichi,1324.08,T.V.Cumbu,Tamil Nadu
Kallakurichi,0,Varagu,Tamil Nadu
Kamuthi,1026,Paddy(Dhan),Tamil Nadu
Karamadai,1026,Bajra(Pearl Millet),Tamil Nadu
Karamadai,1134,Bajra(Pearl Millet),Tamil Nadu
Karamadai,1539,Jowar(Sorgham),Tamil Nadu
Karamadai,1269,Jowar(Sorgham),Tamil Nadu
Karamadai,993.6,Maize,Tamil Nadu
Karamadai,1269,Maize,Tamil Nadu
Karamadai,999,Ragi (Finger Millet),Tamil Nadu
Karamadai,1242,Ragi (Finger Millet),Tamil Nadu
Karumanturai,810,Paddy(Dhan),Tamil Nadu
Katpadi,4323.24,Groundnut,Tamil Nadu
Katpadi,915.84,Paddy(Dhan),Tamil Nadu
Katpadi,978.48,Paddy(Dhan),Tamil Nadu
Katpadi(Uzhavar Santhai),1080,Amla,Tamil Nadu
Katpadi(Uzhavar Santhai),1080,Amla,Tamil Nadu
Katpadi(Uzhavar Santhai),9180,Apple,Tamil Nadu
Katpadi(Uzhavar Santhai),864,Ashgourd,Tamil Nadu
Katpadi(Uzhavar Santhai),756,Ashgourd,Tamil Nadu
Katpadi(Uzhavar Santhai),1296,Banana,Tamil Nadu
Katpadi(Uzhavar Santhai),1620,Banana,Tamil Nadu
Katpadi(Uzhavar Santhai),1296,Banana - Green,Tamil Nadu
Katpadi(Uzhavar Santhai),756,Banana - Green,Tamil Nadu
Katpadi(Uzhavar Santhai),1296,Beans,Tamil Nadu
Katpadi(Uzhavar Santhai),1080,Beetroot,Tamil Nadu
Katpadi(Uzhavar Santhai),1080,Beetroot,Tamil Nadu
Katpadi(Uzhavar Santhai),1944,Ber (Zizyphus),Tamil Nadu
Katpadi(Uzhavar Santhai),1944,Bhindi(Ladies Finger),Tamil Nadu
Katpadi(Uzhavar Santhai),2376,Bhindi(Ladies Finger),Tamil Nadu
Katpadi(Uzhavar Santhai),1512,Bitter gourd,Tamil Nadu
Katpadi(Uzhavar Santhai),1080,Bitter gourd,Tamil Nadu
Katpadi(Uzhavar Santhai),864,Bottle gourd,Tamil Nadu
Katpadi(Uzhavar Santhai),1512,Bottle gourd,Tamil Nadu
Katpadi(Uzhavar Santhai),1728,Brinjal,Tamil Nadu
Katpadi(Uzhavar Santhai),1512,Brinjal,Tamil Nadu
Katpadi(Uzhavar Santhai),1080,Cabbage,Tamil Nadu
Katpadi(Uzhavar Santhai),1404,Cabbage,Tamil Nadu
Katpadi(Uzhavar Santhai),2592,Capsicum,Tamil Nadu
Katpadi(Uzhavar Santhai),1296,Carrot,Tamil Nadu
Katpadi(Uzhavar Santhai),1080,Carrot,Tamil Nadu
Katpadi(Uzhavar Santhai),1512,Chikoos(Sapota),Tamil Nadu
Katpadi(Uzhavar Santhai),2160,Colacasia,Tamil Nadu
Katpadi(Uzhavar Santhai),1080,Colacasia,Tamil Nadu
Katpadi(Uzhavar Santhai),1404,Coriander,Tamil Nadu
Katpadi(Uzhavar Santhai),1512,Coriander,Tamil Nadu
Katpadi(Uzhavar Santhai),1512,Cowpea(Veg),Tamil Nadu
Katpadi(Uzhavar Santhai),1512,Cowpea(Veg),Tamil Nadu
Katpadi(Uzhavar Santhai),1296,Cucumbar,Tamil Nadu
Katpadi(Uzhavar Santhai),1512,Cucumber,Tamil Nadu
Katpadi(Uzhavar Santhai),7560,Grapes,Tamil Nadu
Katpadi(Uzhavar Santhai),8100,Grapes,Tamil Nadu
Katpadi(Uzhavar Santhai),1296,Green Avare (W),Tamil Nadu
Katpadi(Uzhavar Santhai),1512,Green Chilly,Tamil Nadu
Katpadi(Uzhavar Santhai),3456,Green ginger,Tamil Nadu
Katpadi(Uzhavar Santhai),1944,Green Ginger,Tamil Nadu
Katpadi(Uzhavar Santhai),2160,Guava,Tamil Nadu
Katpadi(Uzhavar Santhai),2160,Guava,Tamil Nadu
Katpadi(Uzhavar Santhai),648,Knool Khol,Tamil Nadu
Katpadi(Uzhavar Santhai),1080,Knool khol,Tamil Nadu
Katpadi(Uzhavar Santhai),1080,Leafy Vegetable,Tamil Nadu
Katpadi(Uzhavar Santhai),1080,Leafy Vegetable,Tamil Nadu
Katpadi(Uzhavar Santhai),6480,Mango (Raw-Ripe),Tamil Nadu
Katpadi(Uzhavar Santhai),1080,Mint(Pudina),Tamil Nadu
Katpadi(Uzhavar Santhai),1080,Mint(Pudina),Tamil Nadu
Katpadi(Uzhavar Santhai),2700,Mousambi,Tamil Nadu
Katpadi(Uzhavar Santhai),4860,Mousambi,Tamil Nadu
Katpadi(Uzhavar Santhai),1944,Onion,Tamil Nadu
Katpadi(Uzhavar Santhai),1080,Onion,Tamil Nadu
Katpadi(Uzhavar Santhai),1080,Onion Green,Tamil Nadu
Katpadi(Uzhavar Santhai),1080,Onion Green,Tamil Nadu
Katpadi(Uzhavar Santhai),5400,Orange,Tamil Nadu
Katpadi(Uzhavar Santhai),1296,Papaya,Tamil Nadu
Katpadi(Uzhavar Santhai),1728,Potato,Tamil Nadu
Katpadi(Uzhavar Santhai),1296,Potato,Tamil Nadu
Katpadi(Uzhavar Santhai),432,Raddish,Tamil Nadu
Katpadi(Uzhavar Santhai),864,Raddish,Tamil Nadu
Katpadi(Uzhavar Santhai),1512,Ridgeguard(Tori),Tamil Nadu
Katpadi(Uzhavar Santhai),2376,Ridgeguard(Tori),Tamil Nadu
Katpadi(Uzhavar Santhai),1080,Snakeguard,Tamil Nadu
Katpadi(Uzhavar Santhai),1512,Sweet Potato,Tamil Nadu
Katpadi(Uzhavar Santhai),7560,Tamarind Fruit,Tamil Nadu
Katpadi(Uzhavar Santhai),7560,Tamarind fruit,Tamil Nadu
Katpadi(Uzhavar Santhai),1512,Tapioca,Tamil Nadu
Katpadi(Uzhavar Santhai),864,Tender Coconut,Tamil Nadu
Katpadi(Uzhavar Santhai),756,Tender Coconut,Tamil Nadu
Katpadi(Uzhavar Santhai),648,Tomato,Tamil Nadu
Katpadi(Uzhavar Santhai),1296,Tomato,Tamil Nadu
Kaveripakkam,954.72,Paddy(Dhan),Tamil Nadu
Kaveripakkam,729,Paddy(Dhan),Tamil Nadu
Kolathur,5670,Cotton,Tamil Nadu
Kolathur,3672,Cotton,Tamil Nadu
Kolathur,9180,Dry Chillies,Tamil Nadu
Kolathur,3132,Kolathur,Tamil Nadu
Kolathur,1404,Paddy(Dhan),Tamil Nadu
Konganapuram,4428,Cotton,Tamil Nadu
Konganapuram,5454,Cotton,Tamil Nadu
Konganapuram,4374,Cotton,Tamil Nadu
Krishnagiri,1350,Chilli Red,Tamil Nadu
Krishnagiri,3348,Groundnut,Tamil Nadu
Krishnagiri,4428,Tamarind fruit,Tamil Nadu
Kuttulam,1771.2,Paddy(Dhan),Tamil Nadu
Kuttulam,1333.8,Paddy(Dhan),Tamil Nadu
Madathukulam,1107,Maize,Tamil Nadu
Madathukulam,1242,Maize,Tamil Nadu
Madathukulam,1134,Paddy(Dhan),Tamil Nadu
Madurai,1054.5,Paddy(Dhan),Tamil Nadu
Madurai,999,Paddy(Dhan),Tamil Nadu
Madurai,1054.5,Paddy(Dhan),Tamil Nadu
Madurai,1332,Paddy(Dhan),Tamil Nadu
Madurai,1387.5,Paddy(Dhan),Tamil Nadu
Mailaduthurai,1820.4,Paddy(Dhan),Tamil Nadu
Mailaduthurai,1368.63,Paddy(Dhan),Tamil Nadu
Manachanallur,2053.5,Paddy(Dhan),Tamil Nadu
Manalurpet,3996,Black Grams (Urd Beans),Tamil Nadu
Manalurpet,3885,Green Grams (Moong),Tamil Nadu
Manalurpet,0,Karamani,Tamil Nadu
Manalurpet,1035.63,Paddy(Dhan),Tamil Nadu
Manalurpet,0,T.V.Cumbu,Tamil Nadu
Manapparai,10545,Chilli Red,Tamil Nadu
Manapparai,3607.5,Groundnut (Split),Tamil Nadu
Manapparai,1498.5,Jowar(Sorgham),Tamil Nadu
Manapparai,1443,Paddy(Dhan),Tamil Nadu
Melur,5383.5,"Gingelly (Sesamum, Sesame, Til)",Tamil Nadu
Melur,999,Paddy(Dhan),Tamil Nadu
Melur,1054.5,Paddy(Dhan),Tamil Nadu
Nagapattinam,1820.4,Paddy(Dhan),Tamil Nadu
Nagapattinam,1370.85,Paddy(Dhan),Tamil Nadu
Namagiripettai,3052.5,Turmeric,Tamil Nadu
Namakkal,4495.5,Castor Seed,Tamil Nadu
Namakkal,1221,Maize,Tamil Nadu
Palladam,1276.5,Maize,Tamil Nadu
Papparapatti,3940.5,Cotton,Tamil Nadu
Papparapatti,4440,Tamarind fruit,Tamil Nadu
Pappireddipatti,1359.75,Chilli Red,Tamil Nadu
Pennagaram,3996,Groundnut,Tamil Nadu
Pennagaram,2386.5,Same/Savi,Tamil Nadu
Pethappampatti,7548,Copra,Tamil Nadu
Pethappampatti,1137.75,Maize,Tamil Nadu
Pochampalli,1304.25,Chilli Red,Tamil Nadu
Polur(Thiruvannamalai),961.26,Paddy(Dhan),Tamil Nadu
Polur(Thiruvannamalai),1005.66,Paddy(Dhan),Tamil Nadu
Polur(Thiruvannamalai),1138.86,Paddy(Dhan),Tamil Nadu
Pongalur,1276.5,Maize,Tamil Nadu
Pudukottai,1387.5,Paddy(Dhan),Tamil Nadu
Pudukottai,1165.5,Paddy(Dhan),Tamil Nadu
Ramanathapuram(phase 3),999,Paddy(Dhan),Tamil Nadu
Rasipuram,1498.5,Bajra(Pearl Millet),Tamil Nadu
Rasipuram,1443,Jowar(Sorgham),Tamil Nadu
Rasipuram,1221,Maize,Tamil Nadu
Rasipuram,1276.5,Maize,Tamil Nadu
Rasipuram,1221,Maize,Tamil Nadu
Rasipuram,1248.75,Ragi (Finger Millet),Tamil Nadu
Rasipuram,1276.5,Ragi (Finger Millet),Tamil Nadu
Rasipuram,1221,T.V. Cumbu,Tamil Nadu
Salem,4606.5,Cotton,Tamil Nadu
Salem,3441,Cotton,Tamil Nadu
Salem,4717.5,Cotton,Tamil Nadu
Salem,5217,Cotton,Tamil Nadu
Salem,3996,"Gingelly (Sesamum, Sesame, Til)",Tamil Nadu
Salem,3552,Groundnut,Tamil Nadu
Salem,4273.5,Groundnut,Tamil Nadu
Salem,5217,Groundnut,Tamil Nadu
Salem,5050.5,Groundnut,Tamil Nadu
Salem,943.5,Maize,Tamil Nadu
Salem,1193.25,Maize,Tamil Nadu
Salem,1026.75,Paddy(Dhan),Tamil Nadu
Salem,1026.75,Paddy(Dhan),Tamil Nadu
Salem,1415.25,Paddy(Dhan),Tamil Nadu
Salem,1082.25,Paddy(Dhan),Tamil Nadu
Salem,1110,Paddy(Dhan),Tamil Nadu
Salem,1970.25,Paddy(Dhan),Tamil Nadu
Salem,4384.5,Turmeric,Tamil Nadu
Salem,4273.5,Turmeric,Tamil Nadu
Sangarapuram,3996,Black Grams (Urd Beans),Tamil Nadu
Sangarapuram,3718.5,Green Grams (Moong),Tamil Nadu
Sangarapuram,1254.3,Maize,Tamil Nadu
Sangarapuram,899.1,Paddy(Dhan),Tamil Nadu
Sangarapuram,1054.5,Ragi (Finger Millet),Tamil Nadu
Sangarapuram,1354.2,T.V.Cumbu,Tamil Nadu
Sembanarkoil,1820.4,Paddy(Dhan),Tamil Nadu
Sembanarkoil,1370.85,Paddy(Dhan),Tamil Nadu
Sevur,4140.3,Groundnut,Tamil Nadu
Sevur,4995,Groundnut,Tamil Nadu
Sirkali,1820.4,Paddy(Dhan),Tamil Nadu
Sirkali,1370.85,Paddy(Dhan),Tamil Nadu
Sulur,1276.5,Maize,Tamil Nadu
Thalaivasal,1138.86,Paddy(Dhan),Tamil Nadu
Thalaivasal,1021.2,Paddy(Dhan),Tamil Nadu
Thalaivasal,894.66,Paddy(Dhan),Tamil Nadu
Thalaivasal,1110,Paddy(Dhan),Tamil Nadu
Thalaivasal,1165.5,Paddy(Dhan),Tamil Nadu
Thammampati,1265.4,Maize,Tamil Nadu
Thammampati,1054.5,Paddy(Dhan),Tamil Nadu
Thammampati,4440,Turmeric,Tamil Nadu
Theni,1254.3,Bajra(Pearl Millet),Tamil Nadu
Theni,4662,Black Grams (Urd Beans),Tamil Nadu
Theni,5272.5,Cotton,Tamil Nadu
Theni,3441,"Gingelly (Sesamum, Sesame, Til)",Tamil Nadu
Theni,4995,Green Grams (Moong),Tamil Nadu
Theni,4717.5,Groundnut,Tamil Nadu
Theni,1248.75,Jowar(Sorgham),Tamil Nadu
Theni,1187.7,Maize,Tamil Nadu
Theni,1221,Paddy(Dhan),Tamil Nadu
Thirukovilur,4095.9,Black Grams (Urd Beans),Tamil Nadu
Thirukovilur,4947.27,"Gingelly (Sesamum, Sesame, Til)",Tamil Nadu
Thirukovilur,4196.91,Green Grams (Moong),Tamil Nadu
Thirukovilur,5426.79,Groundnut,Tamil Nadu
Thirukovilur,1263.18,Maize,Tamil Nadu
Thirukovilur,832.5,Paddy(Dhan),Tamil Nadu
Thirukovilur,1328.67,Ragi (Finger Millet),Tamil Nadu
Thirukovilur,3146.85,Sunflower,Tamil Nadu
Thirukovilur,1410.81,T.V.Cumbu,Tamil Nadu
Thirumangalam,3274.5,Cotton,Tamil Nadu
Thirumangalam,1387.5,Maize,Tamil Nadu
Thirumangalam,999,Paddy(Dhan),Tamil Nadu
Thirumangalam,1165.5,Paddy(Dhan),Tamil Nadu
Thiruvannamalai,0,Black Grams (Urd Beans),Tamil Nadu
Thiruvannamalai,0,Green Grams (Moong),Tamil Nadu
Thiruvannamalai,0,Ground Nut Seed,Tamil Nadu
Thiruvannamalai,0,Hybrid Cumbu,Tamil Nadu
Thiruvannamalai,0,Karamani,Tamil Nadu
Thiruvannamalai,0,Paddy(Dhan),Tamil Nadu
Thiryagadurgam,4606.5,Black Grams (Urd Beans),Tamil Nadu
Thiryagadurgam,3746.25,Black Grams (Urd Beans),Tamil Nadu
Thiryagadurgam,4727.49,Green Grams (Moong),Tamil Nadu
Thiryagadurgam,954.6,Paddy(Dhan),Tamil Nadu
Thiryagadurgam,976.8,Paddy(Dhan),Tamil Nadu
Thiryagadurgam,1228.77,Paddy(Dhan),Tamil Nadu
Thiryagadurgam,971.25,Paddy(Dhan),Tamil Nadu
Thiryagadurgam,1017.87,T.V. Cumbu,Tamil Nadu
Thiryagadurgam,1215.45,T.V.Cumbu,Tamil Nadu
Thondamuthur,4329,Black Grams (Urd Beans),Tamil Nadu
Thondamuthur,3108,Red Grams,Tamil Nadu
Thondamuthur,3885,Turmeric,Tamil Nadu
Thondamuthur,4440,Turmeric,Tamil Nadu
Thondamuthur,1665,Turmeric,Tamil Nadu
Thoothukudi,4773,Black Grams (Urd Beans),Tamil Nadu
Thoothukudi,4218,Black Grams (Urd Beans),Tamil Nadu
Thoothukudi,6438,Chilli Red,Tamil Nadu
Thoothukudi,832.5,Paddy(Dhan),Tamil Nadu
Thoothukudi,832.5,Paddy(Dhan),Tamil Nadu
Tindivanam,4141.41,Black Grams (Urd Beans),Tamil Nadu
Tindivanam,0,"Gingelly (Sesamum, Sesame, Til)",Tamil Nadu
Tindivanam,4245.75,Green Grams (Moong),Tamil Nadu
Tindivanam,3983.79,Groundnut,Tamil Nadu
Tindivanam,749.25,Paddy(Dhan),Tamil Nadu
Tindivanam,0,Ragi (Finger Millet),Tamil Nadu
Tindivanam,0,T.V.Cumbu,Tamil Nadu
Tiruchengode,9102,Cotton,Tamil Nadu
Tiruchengode,7936.5,Cotton,Tamil Nadu
Tiruchengode,5577.75,Cotton,Tamil Nadu
Tiruchengode,4551,Cotton,Tamil Nadu
Tiruchengode,5383.5,Cotton,Tamil Nadu
Tiruchengode,4995,"Gingelly (Sesamum, Sesame, Til)",Tamil Nadu
Tiruchengode,5605.5,"Gingelly (Sesamum, Sesame, Til)",Tamil Nadu
Tiruchengode,6771,"Gingelly (Sesamum, Sesame, Til)",Tamil Nadu
Tiruchengode,3607.5,Groundnut,Tamil Nadu
Tiruchengode,4662,Groundnut,Tamil Nadu
Tiruvennainallur,721.5,Paddy(Dhan),Tamil Nadu
Udumalpet,1165.5,Maize,Tamil Nadu
Udumalpet,1287.6,Maize,Tamil Nadu
Ulundurpettai,2786.1,Big Gram,Tamil Nadu
Ulundurpettai,3931.62,Black Grams (Urd Beans),Tamil Nadu
Ulundurpettai,3714.06,Green Grams (Moong),Tamil Nadu
Ulundurpettai,6169.38,Groundnut,Tamil Nadu
Ulundurpettai,0,Horses Gram,Tamil Nadu
Ulundurpettai,1212.12,Maize,Tamil Nadu
Ulundurpettai,992.34,Paddy(Dhan),Tamil Nadu
Ulundurpettai,1071.15,Paddy(Dhan),Tamil Nadu
Ulundurpettai,1313.13,Paddy(Dhan),Tamil Nadu
Ulundurpettai,1228.77,Paddy(Dhan),Tamil Nadu
Ulundurpettai,894.66,Paddy(Dhan),Tamil Nadu
Ulundurpettai,0,Ragi (Finger Millet),Tamil Nadu
Ulundurpettai,0,Red Grams,Tamil Nadu
Ulundurpettai,1387.5,T.V.Cumbu,Tamil Nadu
Ulundurpettai,964.59,Varagu,Tamil Nadu
Usilampatty,3274.5,Cotton,Tamil Nadu
Usilampatty,3385.5,Cotton,Tamil Nadu
Usilampatty,2813.85,Cotton,Tamil Nadu
Usilampatty,3579.75,Cotton,Tamil Nadu
Usilampatty,3524.25,Cotton,Tamil Nadu
Usilampatty,3163.5,Cotton,Tamil Nadu
Usilampatty,1276.5,Hybrid Cumbu,Tamil Nadu
Usilampatty,1354.2,Jowar(Sorgham),Tamil Nadu
Usilampatty,1492.95,Jowar(Sorgham),Tamil Nadu
Usilampatty,1831.5,Jowar(Sorgham),Tamil Nadu
Usilampatty,721.5,Paddy(Dhan),Tamil Nadu
Usilampatty,704.85,Paddy(Dhan),Tamil Nadu
Usilampatty,749.25,Paddy(Dhan),Tamil Nadu
Usilampatty,782.55,Paddy(Dhan),Tamil Nadu
Usilampatty,715.95,Paddy(Dhan),Tamil Nadu
Usilampatty,804.75,Paddy(Dhan),Tamil Nadu
Usilampatty,704.85,Paddy(Dhan),Tamil Nadu
Usilampatty,693.75,Paddy(Dhan),Tamil Nadu
Usilampatty,804.75,Paddy(Dhan),Tamil Nadu
Usilampatty,1137.75,Paddy(Dhan),Tamil Nadu
Usilampatty,1093.35,Paddy(Dhan),Tamil Nadu
Usilampatty,1115.55,Paddy(Dhan),Tamil Nadu
Uthangarai,1050,Chilli Red,Tamil Nadu
Vadaseri,672,Coconut Seed,Tamil Nadu
Vadaseri,903,Paddy(Dhan),Tamil Nadu
Vadaseri,840,Paddy(Dhan),Tamil Nadu
Valathi,624.96,Paddy(Dhan),Tamil Nadu
Vandavasi,3430.56,Groundnut,Tamil Nadu
Vandavasi,769.44,Paddy(Dhan),Tamil Nadu
Vandavasi,924,Paddy(Dhan),Tamil Nadu
Vandavasi,777,Paddy(Dhan),Tamil Nadu
Vazhapadi,609,Paddy(Dhan),Tamil Nadu
Vedaranyam,1377.6,Paddy(Dhan),Tamil Nadu
Vedaranyam,1037.4,Paddy(Dhan),Tamil Nadu
Vellore,2436,Copra,Tamil Nadu
Vellore,4620,Groundnut,Tamil Nadu
Vellore,1050,Horses Gram,Tamil Nadu
Vellore,714,Paddy(Dhan),Tamil Nadu
Vellore,997.92,Paddy(Dhan),Tamil Nadu
Vellore,882,Paddy(Dhan),Tamil Nadu
Vellore,1173.48,Ragi (Finger Millet),Tamil Nadu
Vellore,2107.56,Red Grams,Tamil Nadu
Vellore,1108.8,T.V.Cumbu,Tamil Nadu
Vettavalam,653.94,Paddy(Dhan),Tamil Nadu
Vikkiravandi,3049.2,Black Grams (Urd Beans),Tamil Nadu
Vikkiravandi,0,Cotton,Tamil Nadu
Vikkiravandi,0,"Gingelly (Sesamum, Sesame, Til)",Tamil Nadu
Vikkiravandi,3116.4,Green Grams (Moong),Tamil Nadu
Vikkiravandi,0,Groundnut,Tamil Nadu
Vikkiravandi,823.2,Paddy(Dhan),Tamil Nadu
Vikkiravandi,0,Ragi (Finger Millet),Tamil Nadu
Vikkiravandi,0,T.V.Cumbu,Tamil Nadu
Vilathikulam,4872,Chilli Red,Tamil Nadu
Villupuram,3091.2,Black Grams (Urd Beans),Tamil Nadu
Villupuram,3292.8,Cotton,Tamil Nadu
Villupuram,4410,"Gingelly (Sesamum, Sesame, Til)",Tamil Nadu
Villupuram,3087,Green Grams (Moong),Tamil Nadu
Villupuram,3108,Karamani,Tamil Nadu
Villupuram,609,Paddy(Dhan),Tamil Nadu
Villupuram,1016.4,Ragi (Finger Millet),Tamil Nadu
Villupuram,1065.96,T.V.Cumbu,Tamil Nadu
Villupuram,1318.8,Thinai (Italian Millet),Tamil Nadu
Achampet,3950.52,Groundnut,Telangana
Achampet(Amrabad),3950.52,Groundnut,Telangana
Alampur,705.6,Maize,Telangana
Alampur,747.6,Maize,Telangana
Alampur,865.2,Paddy(Dhan),Telangana
Alampur,907.2,Paddy(Dhan),Telangana
Aler,865.2,Paddy(Dhan),Telangana
Aler,932.4,Paddy(Dhan),Telangana
Amangal,3416.28,Groundnut,Telangana
Armoor,907.2,Paddy(Dhan),Telangana
Asifabad,3150,Cotton,Telangana
Atmakur,2688,Groundnut,Telangana
Atmakur,1764,Groundnut,Telangana
Badepalli,3837.96,Groundnut,Telangana
Banswada,2822.4,Black Grams (Urd Beans),Telangana
Banswada,1008,Maize,Telangana
Banswada,1029,Maize,Telangana
Banswada,1008,Paddy(Dhan),Telangana
Banswada,865.2,Paddy(Dhan),Telangana
Banswada,932.4,Paddy(Dhan),Telangana
Banswada,966,Wheat,Telangana
Bhodhan,924,Paddy(Dhan),Telangana
Bowenpally,672,Beetroot,Telangana
Bowenpally,1680,Bhindi(Ladies Finger),Telangana
Bowenpally,1008,Bitter gourd,Telangana
Bowenpally,420,Bottle gourd,Telangana
Bowenpally,672,Brinjal,Telangana
Bowenpally,336,Cabbage,Telangana
Bowenpally,1680,Capsicum,Telangana
Bowenpally,840,Carrot,Telangana
Bowenpally,588,Cauliflower,Telangana
Bowenpally,420,Chow Chow,Telangana
Bowenpally,1512,Cluster Beans,Telangana
Bowenpally,420,Cucumber,Telangana
Bowenpally,2100,Drumstick,Telangana
Bowenpally,1260,Field Pea,Telangana
Bowenpally,1260,French Beans (Frasbean),Telangana
Bowenpally,840,Green Chilly,Telangana
Bowenpally,1260,Green Peas,Telangana
Bowenpally,420,Onion,Telangana
Bowenpally,546,Potato,Telangana
Bowenpally,420,Pumpkin,Telangana
Bowenpally,168,Raddish,Telangana
Bowenpally,1344,Ridgeguard(Tori),Telangana
Bowenpally,420,Snakeguard,Telangana
Bowenpally,420,Sweet Potato,Telangana
Bowenpally,420,Tomato,Telangana
Burgampadu,840,Paddy(Dhan),Telangana
Charla,840,Paddy(Dhan),Telangana
Charla,882,Paddy(Dhan),Telangana
Charla,903,Paddy(Dhan),Telangana
Cherial,840,Paddy(Dhan),Telangana
Chevella,1008,Tomato,Telangana
Chityal,865.2,Paddy(Dhan),Telangana
Choppadandi,865.2,Paddy(Dhan),Telangana
Choppadandi,932.4,Paddy(Dhan),Telangana
Devarakonda,865.2,Paddy(Dhan),Telangana
Devarakonda,865.2,Paddy(Dhan),Telangana
Devarkonda(Dindi),865.2,Paddy(Dhan),Telangana
Devarkonda(Mallepalli),865.2,Paddy(Dhan),Telangana
Dharmapuri,865.2,Paddy(Dhan),Telangana
Dharmapuri,3444,Tamarind fruit,Telangana
Dharmaram,865.2,Paddy(Dhan),Telangana
Dubbak,865.2,Paddy(Dhan),Telangana
Enkoor,2898,Cotton,Telangana
Enkoor,840,Paddy(Dhan),Telangana
Gaddiannaram,546,Apple,Telangana
Gaddiannaram,126,Grapes,Telangana
Gaddiannaram,252,Karbuja,Telangana
Gaddiannaram,588,Mousambi,Telangana
Gaddiannaram,252,Orange,Telangana
Gaddiannaram,336,Papaya,Telangana
Gaddiannaram,126,Pomegranate,Telangana
Gadwal,3919.44,Castor Seed,Telangana
Gadwal,2604,Castor Seeds,Telangana
Gadwal,3025.68,Groundnut,Telangana
Gadwal,2115.96,Sunflower,Telangana
Gadwal(Lezza),2268,Castor Seeds,Telangana
Gollapally,840,Paddy(Dhan),Telangana
Huzurnagar,865.2,Paddy(Dhan),Telangana
Huzurnagar,932.4,Paddy(Dhan),Telangana
Huzzurabad,823.2,Maize,Telangana
Huzzurabad,907.2,Paddy(Dhan),Telangana
Huzzurabad,932.4,Paddy(Dhan),Telangana
Ibrahimputnam,1680,Bhindi(Ladies Finger),Telangana
Ibrahimputnam,2310,Bhindi(Ladies Finger),Telangana
Ibrahimputnam,336,Brinjal,Telangana
Ibrahimputnam,840,Brinjal,Telangana
Ibrahimputnam,1428,Green Chilly,Telangana
Ibrahimputnam,1260,Green Chilly,Telangana
Ibrahimputnam,336,Tomato,Telangana
Ibrahimputnam,588,Tomato,Telangana
Indravelly(Utnoor),4956,Cotton,Telangana
Indravelly(Utnoor),3108,Cotton,Telangana
Indravelly(Utnoor),1890,Soyabean,Telangana
Jagtial,924,Maize,Telangana
Kamareddy,823.2,Maize,Telangana
Kamareddy(Bicknoor),823.2,Maize,Telangana
Karimnagar,798,Paddy(Dhan),Telangana
Karimnagar,840,Paddy(Dhan),Telangana
Kataram,865.2,Paddy(Dhan),Telangana
Khammam,1512,Bhindi(Ladies Finger),Telangana
Khammam,840,Green Chilly,Telangana
Khammam,420,Tomato,Telangana
Khanapur,924,Paddy(Dhan),Telangana
Kollapur,2940,Groundnut,Telangana
Kollapur,3266.76,Groundnut,Telangana
Kollapur,907.2,Paddy(Dhan),Telangana
Koratla,865.2,Paddy(Dhan),Telangana
Koratla,932.4,Paddy(Dhan),Telangana
Kothagudem,5027.4,Cotton,Telangana
Laxettipet,907.2,Paddy(Dhan),Telangana
Madhira,3024,Cotton,Telangana
Madnoor,3243.24,Cotton,Telangana
Madnoor(Bitchkonda),3243.24,Cotton,Telangana
Mancharial,4914,Cotton,Telangana
Manthani,865.2,Paddy(Dhan),Telangana
Medchal,823.2,Maize,Telangana
Medchal,932.4,Paddy(Dhan),Telangana
Metpally,932.4,Paddy(Dhan),Telangana
Miryalaguda,913.08,Paddy(Dhan),Telangana
Miryalaguda,1092,Paddy(Dhan),Telangana
Nagarkurnool,3870.72,Groundnut,Telangana
Nagarkurnool,799.68,Maize,Telangana
Nakrekal,932.4,Paddy(Dhan),Telangana
Nalgonda,932.4,Paddy(Dhan),Telangana
Narayanpet,2563.68,Groundnut,Telangana
Narayanpet,3029.88,Groundnut,Telangana
Narayanpet,1779.12,Jowar(Sorgham),Telangana
Narayanpet,856.8,Paddy(Dhan),Telangana
Narayanpet,2524.2,Red Grams,Telangana
Narayanpet,2409.96,Sunflower,Telangana
Narayanpet,2457,Sunflower,Telangana
Narayanpet,3180.24,Tamarind Fruit,Telangana
Narayanpet,2298.24,Tamarind fruit,Telangana
Narsapur,1344,Jamamkhan,Telangana
Narsapur,924,Maize,Telangana
Narsapur,840,Onion,Telangana
Nelakondapally,798,Paddy(Dhan),Telangana
Neredcherla,932.4,Paddy(Dhan),Telangana
Nidamanoor,865.2,Paddy(Dhan),Telangana
Nirmal,852.6,Paddy(Dhan),Telangana
Nizamabad,1008,Paddy(Dhan),Telangana
Peddapalli,840,Paddy(Dhan),Telangana
Peddapalli,932.4,Paddy(Dhan),Telangana
Pitlam,932.4,Paddy(Dhan),Telangana
Pothgal,3024,Cotton,Telangana
Pudur,865.2,Paddy(Dhan),Telangana
Sadasivpet,917.28,Onion,Telangana
Shadnagar,971.04,Maize,Telangana
Shadnagar,849.24,Paddy(Dhan),Telangana
Shadnagar,903,Ragi (Finger Millet),Telangana
Shadnagar,848.4,Tamarind Seed,Telangana
Sircilla,932.4,Paddy(Dhan),Telangana
Sultanabad,865.2,Paddy(Dhan),Telangana
Sultanabad,932.4,Paddy(Dhan),Telangana
Varni,882,Paddy(Dhan),Telangana
Varni,1008,Paddy(Dhan),Telangana
Vemulawada,865.2,Paddy(Dhan),Telangana
Vikarabad,4200,Ajwan,Telangana
Vikarabad,987,Maize,Telangana
Vikarabad,2793,Red Grams,Telangana
Wanaparthy Road,865.2,Paddy(Dhan),Telangana
Wanaparthy Road(Prbbair),865.2,Paddy(Dhan),Telangana
Wanaparthy town,2947.56,Groundnut,Telangana
Wanaparthy town,3444,Groundnut,Telangana
Wyra,2940,Cotton,Telangana
Wyra,907.2,Paddy(Dhan),Telangana
Yellareddy,865.2,Paddy(Dhan),Telangana
Yellareddy,932.4,Paddy(Dhan),Telangana
Zaheerabad,2881.2,Red Grams,Telangana
